-- --------------------------------------------------------
-- Host:                         127.0.0.1
-- Server version:               8.0.30 - MySQL Community Server - GPL
-- Server OS:                    Win64
-- HeidiSQL Version:             12.1.0.6537
-- --------------------------------------------------------

/*!40101 SET @OLD_CHARACTER_SET_CLIENT=@@CHARACTER_SET_CLIENT */;
/*!40101 SET NAMES utf8 */;
/*!50503 SET NAMES utf8mb4 */;
/*!40103 SET @OLD_TIME_ZONE=@@TIME_ZONE */;
/*!40103 SET TIME_ZONE='+00:00' */;
/*!40014 SET @OLD_FOREIGN_KEY_CHECKS=@@FOREIGN_KEY_CHECKS, FOREIGN_KEY_CHECKS=0 */;
/*!40101 SET @OLD_SQL_MODE=@@SQL_MODE, SQL_MODE='NO_AUTO_VALUE_ON_ZERO' */;
/*!40111 SET @OLD_SQL_NOTES=@@SQL_NOTES, SQL_NOTES=0 */;


-- Dumping database structure for jarti
CREATE DATABASE IF NOT EXISTS `jarti` /*!40100 DEFAULT CHARACTER SET utf8mb4 COLLATE utf8mb4_0900_ai_ci */ /*!80016 DEFAULT ENCRYPTION='N' */;
USE `jarti`;

-- Dumping structure for table jarti.absorption
CREATE TABLE IF NOT EXISTS `absorption` (
  `abs_id` int NOT NULL AUTO_INCREMENT,
  `abs_job` varchar(255) CHARACTER SET utf8mb4 COLLATE utf8mb4_0900_ai_ci DEFAULT NULL,
  `abs_location` varchar(255) CHARACTER SET utf8mb4 COLLATE utf8mb4_0900_ai_ci DEFAULT NULL,
  `abs_rab` varchar(255) CHARACTER SET utf8mb4 COLLATE utf8mb4_0900_ai_ci DEFAULT NULL,
  `abs_nd` varchar(255) CHARACTER SET utf8mb4 COLLATE utf8mb4_0900_ai_ci DEFAULT NULL COMMENT 'Nota Dinas',
  `abs_spk_date` datetime DEFAULT NULL,
  `abs_spk_no` varchar(255) CHARACTER SET utf8mb4 COLLATE utf8mb4_0900_ai_ci DEFAULT NULL,
  `abs_bapp_date` date DEFAULT NULL,
  `abs_bapp_no` varchar(255) CHARACTER SET utf8mb4 COLLATE utf8mb4_0900_ai_ci DEFAULT NULL,
  `abs_bastp_date` datetime DEFAULT NULL,
  `abs_bastp_no` varchar(255) CHARACTER SET utf8mb4 COLLATE utf8mb4_0900_ai_ci DEFAULT NULL,
  `abs_status` int DEFAULT '1',
  `abs_created_at` datetime DEFAULT NULL,
  `abs_updated_at` datetime DEFAULT NULL,
  `abs_deleted_at` datetime DEFAULT NULL,
  `budget_id` int DEFAULT NULL,
  `vendor_id` int DEFAULT NULL,
  PRIMARY KEY (`abs_id`) USING BTREE
) ENGINE=InnoDB DEFAULT CHARSET=utf8mb4 COLLATE=utf8mb4_0900_ai_ci ROW_FORMAT=DYNAMIC;

-- Dumping data for table jarti.absorption: ~0 rows (approximately)
DELETE FROM `absorption`;

-- Dumping structure for table jarti.app
CREATE TABLE IF NOT EXISTS `app` (
  `app_id` int NOT NULL AUTO_INCREMENT,
  `app_icon` text CHARACTER SET utf8mb4 COLLATE utf8mb4_0900_ai_ci,
  `app_name` varchar(255) CHARACTER SET utf8mb4 COLLATE utf8mb4_0900_ai_ci DEFAULT NULL,
  `app_url` varchar(255) CHARACTER SET utf8mb4 COLLATE utf8mb4_0900_ai_ci DEFAULT NULL,
  `app_status` int DEFAULT '1',
  PRIMARY KEY (`app_id`) USING BTREE
) ENGINE=InnoDB AUTO_INCREMENT=15 DEFAULT CHARSET=utf8mb4 COLLATE=utf8mb4_0900_ai_ci ROW_FORMAT=DYNAMIC;

-- Dumping data for table jarti.app: ~14 rows (approximately)
DELETE FROM `app`;
INSERT INTO `app` (`app_id`, `app_icon`, `app_name`, `app_url`, `app_status`) VALUES
	(1, '<svg className="w-6 h-6 text-gray-800 dark:text-white" aria-hidden="true" xmlns="http://www.w3.org/2000/svg" width="24" height="24" fill="currentColor" viewBox="0 0 24 24">\r\n  <path fill-rule="evenodd" d="M5 3a2 2 0 0 0-2 2v5h18V5a2 2 0 0 0-2-2H5ZM3 14v-2h18v2a2 2 0 0 1-2 2h-6v3h2a1 1 0 1 1 0 2H9a1 1 0 1 1 0-2h2v-3H5a2 2 0 0 1-2-2Z" clip-rule="evenodd"/>\r\n</svg>\r\n', 'SERVICE DESK', 'https://servicedesk.plnbatam.com:8080/', 1),
	(2, '<svg className="w-6 h-6 text-gray-800 dark:text-white" aria-hidden="true" xmlns="http://www.w3.org/2000/svg" width="24" height="24" fill="currentColor" viewBox="0 0 24 24">\r\n  <path fill-rule="evenodd" d="M4 4a1 1 0 0 1 1-1h14a1 1 0 1 1 0 2v14a1 1 0 1 1 0 2H5a1 1 0 1 1 0-2V5a1 1 0 0 1-1-1Zm5 2a1 1 0 0 0-1 1v1a1 1 0 0 0 1 1h1a1 1 0 0 0 1-1V7a1 1 0 0 0-1-1H9Zm5 0a1 1 0 0 0-1 1v1a1 1 0 0 0 1 1h1a1 1 0 0 0 1-1V7a1 1 0 0 0-1-1h-1Zm-5 4a1 1 0 0 0-1 1v1a1 1 0 0 0 1 1h1a1 1 0 0 0 1-1v-1a1 1 0 0 0-1-1H9Zm5 0a1 1 0 0 0-1 1v1a1 1 0 0 0 1 1h1a1 1 0 0 0 1-1v-1a1 1 0 0 0-1-1h-1Zm-3 4a2 2 0 0 0-2 2v3h2v-3h2v3h2v-3a2 2 0 0 0-2-2h-2Z" clip-rule="evenodd"/>\r\n</svg>\r\n', 'OPMANAGER PLUS\nOPMANAGER PLUS', 'https://nms.plnbatam.com:8060', 1),
	(3, '<svg className="w-6 h-6 text-gray-800 dark:text-white" aria-hidden="true" xmlns="http://www.w3.org/2000/svg" width="24" height="24" fill="currentColor" viewBox="0 0 24 24">\r\n  <path fill-rule="evenodd" d="M18.458 3.11A1 1 0 0 1 19 4v16a1 1 0 0 1-1.581.814L12 16.944V7.056l5.419-3.87a1 1 0 0 1 1.039-.076ZM22 12c0 1.48-.804 2.773-2 3.465v-6.93c1.196.692 2 1.984 2 3.465ZM10 8H4a1 1 0 0 0-1 1v6a1 1 0 0 0 1 1h6V8Zm0 9H5v3a1 1 0 0 0 1 1h3a1 1 0 0 0 1-1v-3Z" clip-rule="evenodd"/>\r\n</svg>\r\n', 'OPMANAGER', 'https://nms2.plnbatam.com:8060', 1),
	(4, '<svg className="w-6 h-6 text-gray-800 dark:text-white" aria-hidden="true" xmlns="http://www.w3.org/2000/svg" width="24" height="24" fill="currentColor" viewBox="0 0 24 24">\r\n  <path fill-rule="evenodd" d="M5 6a3 3 0 1 1 4 2.83V10a1 1 0 0 0 1 1h4a1 1 0 0 0 1-1V8.83a3.001 3.001 0 1 1 2 0V10a3 3 0 0 1-3 3h-1v2.17a3.001 3.001 0 1 1-2 0V13h-1a3 3 0 0 1-3-3V8.83A3.001 3.001 0 0 1 5 6Z" clip-rule="evenodd"/>\r\n</svg>\r\n', 'CONNECTMASTER', 'https://brightfomap.plnbatam.com/', 1),
	(5, '<svg className="w-6 h-6 text-gray-800 dark:text-white" aria-hidden="true" xmlns="http://www.w3.org/2000/svg" width="24" height="24" fill="currentColor" viewBox="0 0 24 24">\r\n  <path fill-rule="evenodd" d="M11.293 3.293a1 1 0 0 1 1.414 0l6 6 2 2a1 1 0 0 1-1.414 1.414L19 12.414V19a2 2 0 0 1-2 2h-3a1 1 0 0 1-1-1v-3h-2v3a1 1 0 0 1-1 1H7a2 2 0 0 1-2-2v-6.586l-.293.293a1 1 0 0 1-1.414-1.414l2-2 6-6Z" clip-rule="evenodd"/>\r\n</svg>\r\n', 'DASHBOARD FTTH', 'https://docs.google.com/spreadsheets/d/1C8yk6tUBKVMo8hsluZPi4VZ75JDNyRi8/edit?usp=drivesdk&ouid=115325943574081660133&rtpof=true&sd=true', 1),
	(6, '<svg className="w-6 h-6 text-gray-800 dark:text-white" aria-hidden="true" xmlns="http://www.w3.org/2000/svg" width="24" height="24" fill="currentColor" viewBox="0 0 24 24">\r\n  <path fill-rule="evenodd" d="M7 2a2 2 0 0 0-2 2v1a1 1 0 0 0 0 2v1a1 1 0 0 0 0 2v1a1 1 0 1 0 0 2v1a1 1 0 1 0 0 2v1a1 1 0 1 0 0 2v1a2 2 0 0 0 2 2h11a2 2 0 0 0 2-2V4a2 2 0 0 0-2-2H7Zm3 8a3 3 0 1 1 6 0 3 3 0 0 1-6 0Zm-1 7a3 3 0 0 1 3-3h2a3 3 0 0 1 3 3 1 1 0 0 1-1 1h-6a1 1 0 0 1-1-1Z" clip-rule="evenodd"/>\r\n</svg>\r\n', 'MANAGEMENT IP', 'https://', 1),
	(7, '<svg className="w-6 h-6 text-gray-800 dark:text-white" aria-hidden="true" xmlns="http://www.w3.org/2000/svg" width="24" height="24" fill="currentColor" viewBox="0 0 24 24">\r\n  <path fill-rule="evenodd" d="M9 7V2.221a2 2 0 0 0-.5.365L4.586 6.5a2 2 0 0 0-.365.5H9Zm2 0V2h7a2 2 0 0 1 2 2v16a2 2 0 0 1-2 2H6a2 2 0 0 1-2-2V9h5a2 2 0 0 0 2-2Zm-1 9a1 1 0 1 0-2 0v2a1 1 0 1 0 2 0v-2Zm2-5a1 1 0 0 1 1 1v6a1 1 0 1 1-2 0v-6a1 1 0 0 1 1-1Zm4 4a1 1 0 1 0-2 0v3a1 1 0 1 0 2 0v-3Z" clip-rule="evenodd"/>\r\n</svg>\r\n', 'ZABBIX', 'http://10.28.22.120/zabbix/ ', 1),
	(8, '<svg className="w-6 h-6 text-gray-800 dark:text-white" aria-hidden="true" xmlns="http://www.w3.org/2000/svg" width="24" height="24" fill="currentColor" viewBox="0 0 24 24">\r\n  <path d="M5 3a2 2 0 0 0-2 2v2a2 2 0 0 0 2 2h2a2 2 0 0 0 2-2V5a2 2 0 0 0-2-2H5Zm0 12a2 2 0 0 0-2 2v2a2 2 0 0 0 2 2h2a2 2 0 0 0 2-2v-2a2 2 0 0 0-2-2H5Zm12 0a2 2 0 0 0-2 2v2a2 2 0 0 0 2 2h2a2 2 0 0 0 2-2v-2a2 2 0 0 0-2-2h-2Zm0-12a2 2 0 0 0-2 2v2a2 2 0 0 0 2 2h2a2 2 0 0 0 2-2V5a2 2 0 0 0-2-2h-2Z"/>\r\n  <path fill-rule="evenodd" d="M10 6.5a1 1 0 0 1 1-1h2a1 1 0 1 1 0 2h-2a1 1 0 0 1-1-1ZM10 18a1 1 0 0 1 1-1h2a1 1 0 1 1 0 2h-2a1 1 0 0 1-1-1Zm-4-4a1 1 0 0 1-1-1v-2a1 1 0 1 1 2 0v2a1 1 0 0 1-1 1Zm12 0a1 1 0 0 1-1-1v-2a1 1 0 1 1 2 0v2a1 1 0 0 1-1 1Z" clip-rule="evenodd"/>\r\n</svg>\r\n', 'FortiManager-200G', 'https://10.28.70.108/', 1),
	(9, '<svg className="w-6 h-6 text-gray-800 dark:text-white" aria-hidden="true" xmlns="http://www.w3.org/2000/svg" width="24" height="24" fill="currentColor" viewBox="0 0 24 24">\r\n  <path d="M6.97825 3.99999c-.3729 0-.74128.08169-1.07926.23934-.32394.15109-.61243.36845-.84696.63786-1.81892 1.82189-2.35302 3.87423-1.89899 5.93671.43916 1.9949 1.77747 3.8929 3.45642 5.572 1.67897 1.6791 3.57614 3.0176 5.57034 3.4591 2.0612.4563 4.1141-.0726 5.9396-1.8853.2705-.2348.4888-.524.6405-.8489.1581-.3387.2401-.7081.2401-1.0819 0-.3739-.082-.7432-.2401-1.0819-.1516-.3247-.3696-.6137-.6398-.8483l-1.2098-1.2106c-.5043-.5041-1.1879-.7872-1.9007-.7872-.7128 0-1.3968.2835-1.9011.7876l-.6178.6181c-.1512.1513-.3563.2363-.5701.2363-.2138 0-.4189-.085-.5701-.2363l-1.85336-1.8545c-.15117-.1513-.23609-.3565-.23609-.5704 0-.214.08493-.4192.23613-.5705l.61812-.61851c.5037-.50461.7867-1.18868.7867-1.90191s-.2833-1.39767-.7871-1.90228L8.90499 4.8778c-.23462-.26969-.5233-.48727-.84749-.63847-.33798-.15765-.70636-.23934-1.07925-.23934Z"/>\r\n  <path fill-rule="evenodd" d="M18.0299 8.98132c0 .55229-.4477 1-1 .99999l-3.03-.00002c-.5522 0-1-.44772-1-1V5.99995c0-.55229.4478-1 1-1 .5523 0 1 .44771 1 1v.58112l3.3184-3.29111c.3921-.38892 1.0253-.38631 1.4142.00582.3889.39213.3863 1.02529-.0058 1.4142l-3.2984 3.27133h.6016c.5523.00001 1 .44773 1 1.00001Z" clip-rule="evenodd"/>\r\n</svg>\r\n', 'WHATSAPP GOLD', NULL, 1),
	(10, '<svg className="w-6 h-6 text-gray-800 dark:text-white" aria-hidden="true" xmlns="http://www.w3.org/2000/svg" width="24" height="24" fill="none" viewBox="0 0 24 24">\r\n  <path fill="currentColor" d="M3.69869 6.31701C2.56717 5.02384 3.48553 3 5.20384 3H18.7547c1.7316 0 2.6449 2.05088 1.4866 3.33793L17.47 9.34198s-.4632-.20588-.6184-.24042c-.1551-.03453-.488-.10604-.9206-.10604-.9034 0-2.138.66073-2.5716 1.73108-1.3256.8485-1.6921 1.8133-1.7929 2.0078-.1009.1944-.2618.5312-.3399 1.2148-.0781.6836 0 1.6055.5235 2.4688-.0721.0626-.2383.289-.3321.4375-.0937.1484-.5898.875-.3515 2.1445-.1993 0-.6387-.158-.92-.4393l-.70708-.7071c-.28131-.2814-.43934-.6629-.43934-1.0607v-4.4172L3.69869 6.31701Z"/>\r\n  <path fill="currentColor" fill-rule="evenodd" d="M16.0604 11c.5523 0 1 .4477 1 1v.1013c.6366.1591 1.2184.4937 1.668.9715.3784.4022.3592 1.0351-.0431 1.4135-.4022.3785-1.0351.3592-1.4135-.043-.1902-.2021-.4506-.3504-.7488-.4139-.0363-.0077-.0722-.0174-.1074-.0292-.0543-.018-.1098-.0317-.1658-.041-.0614.0117-.1247.0179-.1894.0179-.063 0-.1245-.0058-.1843-.017-.0784.0136-.1554.0355-.2292.0658-.1976.0812-.3513.2132-.4504.3673.0006.002.0013.0042.002.0064.0138.0431.0516.1195.1396.2154.1806.1971.4983.3934.8907.4835.746.1712 1.4369.5572 1.9192 1.0838.476.5197.8461 1.3054.5891 2.1704-.0136.0459-.0305.0907-.0506.1342-.3123.6768-.8768 1.2008-1.5636 1.483-.0208.0085-.0416.0168-.0625.0248V20c0 .5523-.4477 1-1 1-.5271 0-.9589-.4077-.9973-.9249-.0154-.0046-.0308-.0093-.0462-.0141-.6707-.1541-1.2837-.502-1.7506-1.0062-.3752-.4053-.3509-1.038.0544-1.4132.4052-.3752 1.0379-.3508 1.4131.0544.1903.2055.4527.3566.754.4209.0359.0077.0713.0173.1061.0289.0754.025.1531.0416.2315.0499.0753-.0181.154-.0277.235-.0277.0421 0 .0836.0026.1244.0076.0608-.0134.1204-.032.1781-.0557.1979-.0813.3518-.2135.451-.368l-.001-.0032c-.0136-.0424-.0513-.1189-.1398-.2156-.1817-.1984-.5007-.3955-.8919-.4854-.7448-.171-1.4351-.5549-1.9176-1.0814-.4776-.5211-.8432-1.304-.5924-2.167.0138-.0477.0312-.0943.052-.1394.312-.6773.8766-1.2017 1.5637-1.4839.0573-.0236.1151-.0453.1735-.0653V12c0-.5523.4477-1 1-1Z" clip-rule="evenodd"/>\r\n</svg>\r\n', 'IP dan IK JARTI', 'https://brightbox.plnbatam.com:5001/sharing/UmL9Oslnl', 1),
	(11, '<svg className="w-6 h-6 text-gray-800 dark:text-white" aria-hidden="true" xmlns="http://www.w3.org/2000/svg" width="24" height="24" fill="currentColor" viewBox="0 0 24 24">\r\n  <path fill-rule="evenodd" d="M20.29 8.567c.133.323.334.613.59.85v.002a3.536 3.536 0 0 1 0 5.166 2.442 2.442 0 0 0-.776 1.868 3.534 3.534 0 0 1-3.651 3.653 2.483 2.483 0 0 0-1.87.776 3.537 3.537 0 0 1-5.164 0 2.44 2.44 0 0 0-1.87-.776 3.533 3.533 0 0 1-3.653-3.654 2.44 2.44 0 0 0-.775-1.868 3.537 3.537 0 0 1 0-5.166 2.44 2.44 0 0 0 .775-1.87 3.55 3.55 0 0 1 1.033-2.62 3.594 3.594 0 0 1 2.62-1.032 2.401 2.401 0 0 0 1.87-.775 3.535 3.535 0 0 1 5.165 0 2.444 2.444 0 0 0 1.869.775 3.532 3.532 0 0 1 3.652 3.652c-.012.35.051.697.184 1.02ZM9.927 7.371a1 1 0 1 0 0 2h.01a1 1 0 0 0 0-2h-.01Zm5.889 2.226a1 1 0 0 0-1.414-1.415L8.184 14.4a1 1 0 0 0 1.414 1.414l6.218-6.217Zm-2.79 5.028a1 1 0 1 0 0 2h.01a1 1 0 1 0 0-2h-.01Z" clip-rule="evenodd"/>\r\n</svg>\r\n', 'PRE SALES', 'https://presales.plnbatam.com/login', 1),
	(12, '<svg className="w-6 h-6 text-gray-800 dark:text-white" aria-hidden="true" xmlns="http://www.w3.org/2000/svg" width="24" height="24" fill="currentColor" viewBox="0 0 24 24">\r\n  <path fill-rule="evenodd" d="M5 9a7 7 0 1 1 8 6.93V21a1 1 0 1 1-2 0v-5.07A7.001 7.001 0 0 1 5 9Zm5.94-1.06A1.5 1.5 0 0 1 12 7.5a1 1 0 1 0 0-2A3.5 3.5 0 0 0 8.5 9a1 1 0 0 0 2 0c0-.398.158-.78.44-1.06Z" clip-rule="evenodd"/>\r\n</svg>\r\n', 'Maps FO PLN Batam by google', 'https://www.google.com/maps/d/u/5/viewer?ll=1.0810299547974078%2C104.00291653213327&z=13&mid=1V2ea6orTUKcvtpejRo4umQs63nQ1BBw', 1),
	(13, '<svg className="w-6 h-6 text-gray-800 dark:text-white" aria-hidden="true" xmlns="http://www.w3.org/2000/svg" width="24" height="24" fill="currentColor" viewBox="0 0 24 24">\r\n  <path fill-rule="evenodd" d="M12 2c-.791 0-1.55.314-2.11.874l-.893.893a.985.985 0 0 1-.696.288H7.04A2.984 2.984 0 0 0 4.055 7.04v1.262a.986.986 0 0 1-.288.696l-.893.893a2.984 2.984 0 0 0 0 4.22l.893.893a.985.985 0 0 1 .288.696v1.262a2.984 2.984 0 0 0 2.984 2.984h1.262c.261 0 .512.104.696.288l.893.893a2.984 2.984 0 0 0 4.22 0l.893-.893a.985.985 0 0 1 .696-.288h1.262a2.984 2.984 0 0 0 2.984-2.984V15.7c0-.261.104-.512.288-.696l.893-.893a2.984 2.984 0 0 0 0-4.22l-.893-.893a.985.985 0 0 1-.288-.696V7.04a2.984 2.984 0 0 0-2.984-2.984h-1.262a.985.985 0 0 1-.696-.288l-.893-.893A2.984 2.984 0 0 0 12 2Zm3.683 7.73a1 1 0 1 0-1.414-1.413l-4.253 4.253-1.277-1.277a1 1 0 0 0-1.415 1.414l1.985 1.984a1 1 0 0 0 1.414 0l4.96-4.96Z" clip-rule="evenodd"/>\r\n</svg>\r\n', 'Data Gardu Yang Telah FO', 'https://docs.google.com/spreadsheets/d/1GW-xHwpcWwvSVTD6Q6Z7z6wWlwS38Ek4/edit?usp=sharing&ouid=107909772199553041104&rtpof=true&sd=true', 1),
	(14, '<svg className="w-6 h-6 text-gray-800 dark:text-white" aria-hidden="true" xmlns="http://www.w3.org/2000/svg" width="24" height="24" fill="currentColor" viewBox="0 0 24 24">\r\n  <path d="M11 21V2.352A3.451 3.451 0 0 0 9.5 2a3.5 3.5 0 0 0-3.261 2.238A3.5 3.5 0 0 0 4.04 8.015a3.518 3.518 0 0 0-.766 1.128c-.042.1-.064.209-.1.313a3.34 3.34 0 0 0-.106.344 3.463 3.463 0 0 0 .02 1.468A4.017 4.017 0 0 0 2.3 12.5l-.015.036a3.861 3.861 0 0 0-.216.779A3.968 3.968 0 0 0 2 14c.003.24.027.48.072.716a4 4 0 0 0 .235.832c.006.014.015.027.021.041a3.85 3.85 0 0 0 .417.727c.105.146.219.285.342.415.072.076.148.146.225.216.1.091.205.179.315.26.11.081.2.14.308.2.02.013.039.028.059.04v.053a3.506 3.506 0 0 0 3.03 3.469 3.426 3.426 0 0 0 4.154.577A.972.972 0 0 1 11 21Zm10.934-7.68a3.956 3.956 0 0 0-.215-.779l-.017-.038a4.016 4.016 0 0 0-.79-1.235 3.417 3.417 0 0 0 .017-1.468 3.387 3.387 0 0 0-.1-.333c-.034-.108-.057-.22-.1-.324a3.517 3.517 0 0 0-.766-1.128 3.5 3.5 0 0 0-2.202-3.777A3.5 3.5 0 0 0 14.5 2a3.451 3.451 0 0 0-1.5.352V21a.972.972 0 0 1-.184.546 3.426 3.426 0 0 0 4.154-.577A3.506 3.506 0 0 0 20 17.5v-.049c.02-.012.039-.027.059-.04.106-.064.208-.13.308-.2s.214-.169.315-.26c.077-.07.153-.14.225-.216a4.007 4.007 0 0 0 .459-.588c.115-.176.215-.361.3-.554.006-.014.015-.027.021-.041.087-.213.156-.434.205-.659.013-.057.024-.115.035-.173.046-.237.07-.478.073-.72a3.948 3.948 0 0 0-.066-.68Z"/>\r\n</svg>\r\n', 'Dashboard NOC', NULL, 1);

-- Dumping structure for table jarti.approvers
CREATE TABLE IF NOT EXISTS `approvers` (
  `permit_id` bigint unsigned NOT NULL,
  `role_id` bigint unsigned NOT NULL,
  `approver_status` tinyint(1) NOT NULL DEFAULT '0',
  `approved_at` datetime DEFAULT NULL,
  `created_at` timestamp NULL DEFAULT NULL,
  `updated_at` timestamp NULL DEFAULT NULL,
  `rejection_reason` varchar(255) CHARACTER SET utf8mb4 COLLATE utf8mb4_unicode_ci DEFAULT NULL,
  KEY `approvers_permit_id_foreign` (`permit_id`) USING BTREE,
  KEY `approvers_role_id_foreign` (`role_id`) USING BTREE,
  CONSTRAINT `approvers_permit_id_foreign` FOREIGN KEY (`permit_id`) REFERENCES `permits` (`permit_id`) ON DELETE RESTRICT ON UPDATE RESTRICT,
  CONSTRAINT `approvers_role_id_foreign` FOREIGN KEY (`role_id`) REFERENCES `roles` (`role_id`) ON DELETE RESTRICT ON UPDATE RESTRICT
) ENGINE=InnoDB DEFAULT CHARSET=utf8mb4 COLLATE=utf8mb4_unicode_ci ROW_FORMAT=DYNAMIC;

-- Dumping data for table jarti.approvers: ~30 rows (approximately)
DELETE FROM `approvers`;
INSERT INTO `approvers` (`permit_id`, `role_id`, `approver_status`, `approved_at`, `created_at`, `updated_at`, `rejection_reason`) VALUES
	(1, 5, 1, '2025-08-15 11:01:31', '2025-08-15 03:16:46', '2025-08-15 04:01:31', NULL),
	(1, 8, 1, '2025-08-15 11:00:18', '2025-08-15 03:16:46', '2025-08-15 04:00:18', NULL),
	(1, 9, 1, '2025-08-15 11:01:18', '2025-08-15 03:16:46', '2025-08-15 04:01:18', NULL),
	(2, 5, 0, NULL, '2025-08-20 18:17:11', '2025-08-20 18:17:11', NULL),
	(2, 8, 1, '2025-08-21 02:21:08', '2025-08-20 18:17:11', '2025-08-20 19:21:08', NULL),
	(2, 9, 0, NULL, '2025-08-20 18:17:11', '2025-08-20 18:17:11', NULL),
	(3, 5, 0, NULL, '2025-08-22 00:45:08', '2025-09-02 08:18:41', NULL),
	(3, 8, 0, NULL, '2025-08-22 00:45:08', '2025-09-02 08:18:41', NULL),
	(3, 9, 0, NULL, '2025-08-22 00:45:08', '2025-09-02 08:18:41', NULL),
	(4, 9, 0, NULL, '2025-08-22 00:57:59', '2025-09-02 08:18:31', NULL),
	(6, 8, 0, NULL, '2025-09-09 22:02:39', '2025-09-09 22:02:39', NULL),
	(6, 5, 0, NULL, '2025-09-09 22:02:39', '2025-09-09 22:02:39', NULL),
	(7, 5, 0, NULL, '2025-09-09 22:05:30', '2025-09-09 22:05:30', NULL),
	(7, 8, 0, NULL, '2025-09-09 22:05:30', '2025-09-09 22:05:30', NULL),
	(12, 5, 0, NULL, '2025-09-09 22:12:10', '2025-09-09 22:12:10', NULL),
	(12, 8, 0, NULL, '2025-09-09 22:12:10', '2025-09-09 22:12:10', NULL),
	(14, 5, 0, NULL, '2025-09-09 22:16:33', '2025-09-09 22:16:33', NULL),
	(14, 9, 0, NULL, '2025-09-09 22:16:33', '2025-09-09 22:16:33', NULL),
	(21, 5, 0, NULL, '2025-09-10 00:31:15', '2025-09-10 00:31:15', NULL),
	(21, 8, 0, NULL, '2025-09-10 00:31:15', '2025-09-10 00:31:15', NULL),
	(21, 9, 0, NULL, '2025-09-10 00:31:15', '2025-09-10 00:31:15', NULL),
	(29, 5, 0, NULL, '2025-09-10 00:39:49', '2025-09-10 00:39:49', NULL),
	(29, 8, 0, NULL, '2025-09-10 00:39:49', '2025-09-10 00:39:49', NULL),
	(29, 9, 0, NULL, '2025-09-10 00:39:49', '2025-09-10 00:39:49', NULL),
	(30, 5, 0, NULL, '2025-09-10 00:42:52', '2025-09-10 00:42:52', NULL),
	(30, 8, 0, NULL, '2025-09-10 00:42:52', '2025-09-10 00:42:52', NULL),
	(30, 9, 0, NULL, '2025-09-10 00:42:52', '2025-09-10 00:42:52', NULL),
	(31, 5, 0, NULL, '2025-09-10 00:53:14', '2025-09-10 00:53:14', NULL),
	(31, 8, 0, NULL, '2025-09-10 00:53:14', '2025-09-10 00:53:14', NULL),
	(31, 9, 0, NULL, '2025-09-10 00:53:14', '2025-09-10 00:53:14', NULL);

-- Dumping structure for table jarti.budgets
CREATE TABLE IF NOT EXISTS `budgets` (
  `budget_id` bigint unsigned NOT NULL AUTO_INCREMENT,
  `budget_category` enum('Anggaran Investasi','Anggaran Operasi','Biaya Administrasi') CHARACTER SET utf8mb4 COLLATE utf8mb4_unicode_ci NOT NULL,
  `budget_wbs` varchar(255) CHARACTER SET utf8mb4 COLLATE utf8mb4_unicode_ci NOT NULL DEFAULT '',
  `budget_prk` varchar(255) CHARACTER SET utf8mb4 COLLATE utf8mb4_unicode_ci DEFAULT NULL,
  `budget_year` year NOT NULL,
  `budget_name` varchar(255) CHARACTER SET utf8mb4 COLLATE utf8mb4_unicode_ci NOT NULL,
  `budget_nilai` decimal(20,2) NOT NULL,
  `budget_status` int NOT NULL DEFAULT '1',
  `created_at` timestamp NULL DEFAULT NULL,
  `updated_at` timestamp NULL DEFAULT NULL,
  `deleted_at` timestamp NULL DEFAULT NULL,
  PRIMARY KEY (`budget_id`) USING BTREE
) ENGINE=InnoDB AUTO_INCREMENT=12 DEFAULT CHARSET=utf8mb4 COLLATE=utf8mb4_unicode_ci ROW_FORMAT=DYNAMIC;

-- Dumping data for table jarti.budgets: ~10 rows (approximately)
DELETE FROM `budgets`;
INSERT INTO `budgets` (`budget_id`, `budget_category`, `budget_wbs`, `budget_prk`, `budget_year`, `budget_name`, `budget_nilai`, `budget_status`, `created_at`, `updated_at`, `deleted_at`) VALUES
	(2, 'Anggaran Operasi', 'M.1400.23.09.13.1.01.166', '-', '2025', 'Material Pemeliharaan Helpdesk, DC/DRC, JARINGAN, SERVER ( Kabel FA, Figur 8, OPGW, ADSS, JB, HDPE, SPLICER, OTB, FOT, FOC, POP, LAN, SWITCH, ROUTER, AP, RADIO ,SERVER, PC/LAPTOP, Kelistrikan )', 1782062000.00, 0, '2025-08-14 20:20:27', '2025-08-15 00:04:26', NULL),
	(3, 'Anggaran Investasi', 'M.1400.23.09.13.2.01.167', '-', '2025', 'Jasa Pemeliharaan Helpdesk, DC/DRC, JARINGAN, SERVER ( Kabel FA, Figur 8, OPGW, ADSS, JB, HDPE, SPLICER, OTB, FOT, FOC, POP, LAN, SWITCH, ROUTER, AP, RADIO ,SERVER, PC/LAPTOP, Kelistrikan )', 898558194.00, 0, '2025-08-14 20:33:55', '2025-08-15 00:04:34', NULL),
	(4, 'Anggaran Investasi', 'M.1400.23.09.13.2.01.168', '-', '2025', 'Pemeliharaan & preventif Jaringan Fiber Optik', 1080000000.00, 0, '2025-08-14 20:35:26', '2025-08-15 00:04:05', NULL),
	(5, 'Anggaran Investasi', 'M.1400.23.09.13.2.01.170', '-', '2025', 'Pemeliharaan & preventif Jaringan', 1719000000.00, 0, '2025-08-14 20:45:24', '2025-08-15 00:04:49', NULL),
	(6, 'Anggaran Investasi', 'S000000054', '-', '2025', 'Administrasi', 2731148884.00, 0, '2025-08-14 20:48:37', '2025-08-14 20:52:22', NULL),
	(7, 'Anggaran Investasi', 'M.1400.25.08.13.1.10.164', 'PRK.OPR.202S.UBINFRA.1.001 ', '2025', 'Material Pemeliharaan Helpdesk, DC/DRC, JARINGAN, SERVER ( Kabel FA, Figur 8, OPGW, ADSS, JB, HDPE, SPLICER, OTB, FOT, FOC, POP, LAN, SWITCH, ROUTER, AP, RADIO ,SERVER, PC/LAPTOP, Kelistrikan )', 2581000000.00, 1, '2025-08-14 20:50:03', '2025-08-14 20:50:03', NULL),
	(8, 'Anggaran Investasi', 'M.1400.25.08.13.2.10.165', 'PRK.OPR.2025.UBINFRA.2.001 ', '2025', 'Jasa Pemeliharaan Helpdesk, DC/DRC, JARINGAN, SERVER ( Kabel FA, Figur 8, OPGW, ADSS, JB, HDPE, SPLICER, OTB, FOT, FOC, POP, LAN, SWITCH, ROUTER, AP, RADIO ,SERVER, PC/LAPTOP, Kelistrikan )', 1470000000.00, 1, '2025-08-14 20:53:33', '2025-08-14 20:53:33', NULL),
	(9, 'Anggaran Investasi', 'M.1400.25.08.13.2.10.166', 'PRK.OPR.2025.UBINFRA.3.001', '2025', 'Pemeliharaan & preventif Jaringan Fiber Optik', 3550000000.00, 1, '2025-08-14 21:07:41', '2025-08-14 21:07:41', NULL),
	(10, 'Anggaran Investasi', 'M.1400.25.08.13.2.10.168', 'PRK.OPR.202S.UBINFRA.S.001', '2025', 'Pemeliharaan & preventif Jaringan', 5844000000.00, 1, '2025-08-14 21:08:40', '2025-08-14 21:08:40', NULL),
	(11, 'Anggaran Investasi', 'S000000185', '-', '2025', 'Teknologi Informasi Niaga', 1600000000.00, 1, '2025-08-14 21:09:31', '2025-08-14 21:09:31', NULL);

-- Dumping structure for table jarti.cache
CREATE TABLE IF NOT EXISTS `cache` (
  `key` varchar(255) CHARACTER SET utf8mb4 COLLATE utf8mb4_unicode_ci NOT NULL,
  `value` mediumtext CHARACTER SET utf8mb4 COLLATE utf8mb4_unicode_ci NOT NULL,
  `expiration` int NOT NULL,
  PRIMARY KEY (`key`) USING BTREE
) ENGINE=InnoDB DEFAULT CHARSET=utf8mb4 COLLATE=utf8mb4_unicode_ci ROW_FORMAT=DYNAMIC;

-- Dumping data for table jarti.cache: ~6 rows (approximately)
DELETE FROM `cache`;
INSERT INTO `cache` (`key`, `value`, `expiration`) VALUES
	('jarti_cache_boost:last_error', 'a:4:{s:9:"timestamp";s:19:"2025-09-10 08:50:06";s:5:"level";s:5:"error";s:7:"message";s:45:"Maximum execution time of 30 seconds exceeded";s:7:"context";a:0:{}}', 2072854206),
	('jarti_cache_boost.roster.scan', 'a:2:{s:6:"roster";O:21:"Laravel\\Roster\\Roster":2:{s:13:"\0*\0approaches";O:29:"Illuminate\\Support\\Collection":2:{s:8:"\0*\0items";a:0:{}s:28:"\0*\0escapeWhenCastingToString";b:0;}s:11:"\0*\0packages";O:32:"Laravel\\Roster\\PackageCollection":2:{s:8:"\0*\0items";a:9:{i:0;O:22:"Laravel\\Roster\\Package":4:{s:10:"\0*\0package";E:38:"Laravel\\Roster\\Enums\\Packages:FILAMENT";s:14:"\0*\0packageName";s:17:"filament/filament";s:10:"\0*\0version";s:6:"3.3.35";s:6:"\0*\0dev";b:0;}i:1;O:22:"Laravel\\Roster\\Package":4:{s:10:"\0*\0package";E:37:"Laravel\\Roster\\Enums\\Packages:LARAVEL";s:14:"\0*\0packageName";s:17:"laravel/framework";s:10:"\0*\0version";s:7:"12.22.1";s:6:"\0*\0dev";b:0;}i:2;O:22:"Laravel\\Roster\\Package":4:{s:10:"\0*\0package";E:37:"Laravel\\Roster\\Enums\\Packages:PROMPTS";s:14:"\0*\0packageName";s:15:"laravel/prompts";s:10:"\0*\0version";s:5:"0.3.6";s:6:"\0*\0dev";b:0;}i:3;O:22:"Laravel\\Roster\\Package":4:{s:10:"\0*\0package";E:41:"Laravel\\Roster\\Enums\\Packages:FLUXUI_FREE";s:14:"\0*\0packageName";s:13:"livewire/flux";s:10:"\0*\0version";s:5:"2.2.4";s:6:"\0*\0dev";b:0;}i:4;O:22:"Laravel\\Roster\\Package":4:{s:10:"\0*\0package";E:38:"Laravel\\Roster\\Enums\\Packages:LIVEWIRE";s:14:"\0*\0packageName";s:17:"livewire/livewire";s:10:"\0*\0version";s:5:"3.6.4";s:6:"\0*\0dev";b:0;}i:5;O:22:"Laravel\\Roster\\Package":4:{s:10:"\0*\0package";E:34:"Laravel\\Roster\\Enums\\Packages:VOLT";s:14:"\0*\0packageName";s:13:"livewire/volt";s:10:"\0*\0version";s:5:"1.7.2";s:6:"\0*\0dev";b:0;}i:6;O:22:"Laravel\\Roster\\Package":4:{s:10:"\0*\0package";E:34:"Laravel\\Roster\\Enums\\Packages:PINT";s:14:"\0*\0packageName";s:12:"laravel/pint";s:10:"\0*\0version";s:6:"1.24.0";s:6:"\0*\0dev";b:1;}i:7;O:22:"Laravel\\Roster\\Package":4:{s:10:"\0*\0package";E:34:"Laravel\\Roster\\Enums\\Packages:PEST";s:14:"\0*\0packageName";s:12:"pestphp/pest";s:10:"\0*\0version";s:5:"3.8.2";s:6:"\0*\0dev";b:1;}i:8;O:22:"Laravel\\Roster\\Package":4:{s:10:"\0*\0package";E:41:"Laravel\\Roster\\Enums\\Packages:TAILWINDCSS";s:14:"\0*\0packageName";s:11:"tailwindcss";s:10:"\0*\0version";s:5:"4.0.7";s:6:"\0*\0dev";b:0;}}s:28:"\0*\0escapeWhenCastingToString";b:0;}}s:9:"timestamp";i:1757494289;}', 1757580689),
	('jarti_cache_livewire-rate-limiter:056fc329aaaa757d31db450f525da23fde4d1b36', 'i:1;', 1758166914),
	('jarti_cache_livewire-rate-limiter:056fc329aaaa757d31db450f525da23fde4d1b36:timer', 'i:1758166914;', 1758166914),
	('jarti_cache_livewire-rate-limiter:f4c3e86d11b7d1789532141fcf5d5fe53521a5f8', 'i:1;', 1757490146),
	('jarti_cache_livewire-rate-limiter:f4c3e86d11b7d1789532141fcf5d5fe53521a5f8:timer', 'i:1757490146;', 1757490146);

-- Dumping structure for table jarti.cache_locks
CREATE TABLE IF NOT EXISTS `cache_locks` (
  `key` varchar(255) CHARACTER SET utf8mb4 COLLATE utf8mb4_unicode_ci NOT NULL,
  `owner` varchar(255) CHARACTER SET utf8mb4 COLLATE utf8mb4_unicode_ci NOT NULL,
  `expiration` int NOT NULL,
  PRIMARY KEY (`key`) USING BTREE
) ENGINE=InnoDB DEFAULT CHARSET=utf8mb4 COLLATE=utf8mb4_unicode_ci ROW_FORMAT=DYNAMIC;

-- Dumping data for table jarti.cache_locks: ~0 rows (approximately)
DELETE FROM `cache_locks`;

-- Dumping structure for table jarti.contents
CREATE TABLE IF NOT EXISTS `contents` (
  `content_id` bigint unsigned NOT NULL AUTO_INCREMENT,
  `created_at` timestamp NULL DEFAULT NULL,
  `updated_at` timestamp NULL DEFAULT NULL,
  `content_title` varchar(255) CHARACTER SET utf8mb4 COLLATE utf8mb4_unicode_ci DEFAULT NULL,
  `content_description` text CHARACTER SET utf8mb4 COLLATE utf8mb4_unicode_ci,
  `content_photo` text CHARACTER SET utf8mb4 COLLATE utf8mb4_unicode_ci,
  `user_id` bigint unsigned NOT NULL,
  PRIMARY KEY (`content_id`) USING BTREE,
  KEY `user_id` (`user_id`) USING BTREE,
  CONSTRAINT `contents_ibfk_1` FOREIGN KEY (`user_id`) REFERENCES `users` (`user_id`) ON DELETE RESTRICT ON UPDATE RESTRICT
) ENGINE=InnoDB AUTO_INCREMENT=18 DEFAULT CHARSET=utf8mb4 COLLATE=utf8mb4_unicode_ci ROW_FORMAT=DYNAMIC;

-- Dumping data for table jarti.contents: ~8 rows (approximately)
DELETE FROM `contents`;
INSERT INTO `contents` (`content_id`, `created_at`, `updated_at`, `content_title`, `content_description`, `content_photo`, `user_id`) VALUES
	(1, '2025-08-25 01:37:36', '2025-08-26 00:22:20', 'Quality Pekerjaan', 'Pengukuran kedalaman galian untuk pekerjaan pengembangan jaringan komunikasi gardu', 'contents/01K3G7422KKYBSMYST16WVJS68.jpg', 1),
	(3, '2025-08-25 02:02:00', '2025-08-26 00:20:13', 'SAFETY INDUCTION', 'Sebelum memulai pekerjaan selalu dimulai dengan safety briefing untuk mengedepankan pentingnya K3 dalam pekerjaan.', 'contents/01K3JKY5X5SYX41Q2E9CCJ3NV7.jpg', 1),
	(10, '2025-08-25 23:55:59', '2025-08-25 23:55:59', 'BREFFING PAGI TEAM SERPO & SAFETY INDUCTION', 'ARAHAN KEGIATAN DI LAPANGAN ', 'contents/01K3JJK0AF5VFABEQFH1P9Z98Q.jpg', 21),
	(11, '2025-08-25 23:57:11', '2025-08-25 23:57:11', 'TEAM SERPO', 'Team gali level penempatan closure gangguan ', 'contents/01K3JJN799SSY568ZWGAYXYDPV.jpg', 21),
	(12, '2025-08-25 23:58:26', '2025-08-25 23:58:26', 'TEAM SERPO', 'Team cari titik crak kabel/kena cangkul (galian isp lain)', 'contents/01K3JJQFS0C32V0GSPR82W8E0G.jpg', 21),
	(15, '2025-08-31 20:37:27', '2025-08-31 20:37:27', 'BREFFING PAGI & INDUCTION K3 ', 'TEAM SERPO-TEAM PATROLI BREFFING PAGI & INDUCTION K3\nlokasi:UBINFRA Baloi', 'contents/01K41NKSHMGNS4X3ERK4ENJEHG.jpg', 21),
	(16, '2025-09-10 00:13:59', '2025-09-10 00:13:59', 'rapat', 'dokumentasi rapat', 'contents/01K4S7JR2EZB3MAJH7XXZNEEQE.jpg', 12),
	(17, '2025-09-10 00:14:41', '2025-09-10 00:14:41', 'rapat', 'dokumentasi', 'contents/01K4S7M0XB24HB58XM2X8Z00HK.jpg', 12);

-- Dumping structure for table jarti.documents
CREATE TABLE IF NOT EXISTS `documents` (
  `doc_id` bigint unsigned NOT NULL AUTO_INCREMENT,
  `doc_name` varchar(255) CHARACTER SET utf8mb4 COLLATE utf8mb4_unicode_ci NOT NULL,
  `doc_file` varchar(255) CHARACTER SET utf8mb4 COLLATE utf8mb4_unicode_ci DEFAULT NULL,
  `doc_status` varchar(255) CHARACTER SET utf8mb4 COLLATE utf8mb4_unicode_ci DEFAULT NULL,
  `created_at` timestamp NULL DEFAULT NULL,
  `updated_at` timestamp NULL DEFAULT NULL,
  `deleted_at` timestamp NULL DEFAULT NULL,
  `user_id` bigint unsigned NOT NULL,
  `substation_id` bigint unsigned DEFAULT NULL,
  `id_penyerapan` bigint unsigned DEFAULT NULL,
  PRIMARY KEY (`doc_id`) USING BTREE,
  KEY `documents_user_id_foreign` (`user_id`) USING BTREE,
  KEY `documents_substation_id_foreign` (`substation_id`) USING BTREE,
  KEY `documents_id_penyerapan_foreign` (`id_penyerapan`) USING BTREE,
  CONSTRAINT `documents_id_penyerapan_foreign` FOREIGN KEY (`id_penyerapan`) REFERENCES `penyerapan` (`id_penyerapan`) ON DELETE RESTRICT ON UPDATE RESTRICT,
  CONSTRAINT `documents_substation_id` FOREIGN KEY (`substation_id`) REFERENCES `substations` (`substation_id`) ON DELETE RESTRICT ON UPDATE RESTRICT,
  CONSTRAINT `documents_user_id_foreign` FOREIGN KEY (`user_id`) REFERENCES `users` (`user_id`) ON DELETE CASCADE ON UPDATE RESTRICT
) ENGINE=InnoDB AUTO_INCREMENT=113 DEFAULT CHARSET=utf8mb4 COLLATE=utf8mb4_unicode_ci ROW_FORMAT=DYNAMIC;

-- Dumping data for table jarti.documents: ~111 rows (approximately)
DELETE FROM `documents`;
INSERT INTO `documents` (`doc_id`, `doc_name`, `doc_file`, `doc_status`, `created_at`, `updated_at`, `deleted_at`, `user_id`, `substation_id`, `id_penyerapan`) VALUES
	(2, 'Lamp GD Sefong', 'documents/Lamp GD Sefong.pdf', '1', '2025-08-12 23:15:28', '2025-08-13 03:39:48', '2025-08-13 03:39:48', 6, NULL, NULL),
	(3, 'Logo PLN', 'documents/logo pln baru putih kuning-01.png', '1', '2025-08-12 23:21:59', '2025-08-21 00:01:58', '2025-08-21 00:01:58', 6, NULL, NULL),
	(4, 'rancangan anggaran dasar 2', 'documents/Lamp GD Sefong.pdf', '1', '2025-08-13 01:47:09', '2025-08-13 01:47:19', '2025-08-13 01:47:19', 1, NULL, NULL),
	(5, 'tes', 'documents/logo pln baru putih kuning-01.png', '1', '2025-08-13 01:52:18', '2025-08-21 00:01:47', '2025-08-21 00:01:47', 3, NULL, NULL),
	(6, 'Poject 2025', 'documents/0144 FTTH PERIODE DESEMBER - JANUARI 2025.pdf', '0', '2025-08-13 23:26:24', '2025-08-13 23:28:11', '2025-08-13 23:28:11', 12, NULL, NULL),
	(7, 'BA Pemeliharaan dan Perapian Kabel LAN Ruang Kerja UBDISYAN dan UP3 SPK.0358', 'documents/Pemeliharaan dan Perapian kabel LAN Ruang Kerja UBDISYAN dan UP3.pdf', '1', '2025-08-13 23:34:43', '2025-08-13 23:37:02', NULL, 12, NULL, NULL),
	(8, 'BA Pengadaan Penggantian Perangkat Jaringan QSFP Metro Ethernet PT PLN Batam SPK.0048', 'documents/BA QSFP.pdf', '1', '2025-08-13 23:39:28', '2025-08-13 23:42:11', NULL, 12, NULL, NULL),
	(9, 'BA Pengadaan Pemeliharaan dan perapian DC dan DRC SPK.0356', 'documents/PEMELIHARAN DAN PERAPIAN DC DAN DRC.pdf', '1', '2025-08-13 23:41:31', '2025-08-13 23:43:54', NULL, 12, NULL, NULL),
	(10, 'BA Pekerjaan Pengadaan Pemeliharaan Keamanan Jaringan DHCP Server dan DNC Security PT PLN Batam Pj.0002', 'documents/BA HDCP.pdf', '1', '2025-08-13 23:48:15', '2025-08-13 23:48:15', NULL, 12, NULL, NULL),
	(11, 'BA Pengadaan Pembangunan Perangkat Monitoring keamanan Jaringan PT PLN Batam Pj.0041', 'documents/Pj.0041 Monitoring PT.ORBITEC.pdf', '1', '2025-08-13 23:52:00', '2025-08-13 23:52:00', NULL, 12, NULL, NULL),
	(12, 'AKTIVASI 0002.SPK TAHAP I PT MSA', 'documents/0002.SPK Tahap I PT MSA.pdf', '1', '2025-08-14 01:20:54', '2025-08-14 01:20:54', NULL, 12, NULL, NULL),
	(13, 'AKTIVASI 0003.SPK Tahap I PT HDUA I', 'documents/0003.SPK Tahap I PT HDUA I.pdf', '1', '2025-08-14 01:25:48', '2025-08-14 01:25:48', NULL, 12, NULL, NULL),
	(14, 'AKTIVASI  0005.SPK Tahap I PT HDUA II', 'documents/0005.SPK Tahap I PT HDUA II.pdf', '1', '2025-08-14 01:48:28', '2025-08-14 01:48:28', NULL, 12, NULL, NULL),
	(15, 'AKTIVASI 0006 SPK Tahap I PT MSA', 'documents/0006 SPK Tahap I PT MSA.pdf', '1', '2025-08-14 18:37:30', '2025-08-14 18:37:30', NULL, 12, NULL, NULL),
	(16, 'AKTIVASI 0007.SPK Tahap I PT HDUA Repisi', 'documents/0007.SPK Tahap I PT HDUA Repisi.pdf', '1', '2025-08-14 18:38:50', '2025-08-14 18:38:50', NULL, 12, NULL, NULL),
	(17, 'AKTIVASI 0010 SPK Tahap I...', 'documents/0010 SPK Tahap I....pdf', '1', '2025-08-14 18:41:06', '2025-08-14 18:41:06', NULL, 12, NULL, NULL),
	(18, 'AKTIVASI 0011 SPK Tahap I - PT Hdua', 'documents/0011 SPK Tahap I - PT Hdua.pdf', '1', '2025-08-14 18:44:01', '2025-08-14 18:44:01', NULL, 12, NULL, NULL),
	(19, 'AKTIVASI 0012 SPK Tahap I PT KBC', 'documents/0012 SPK Tahap I PT KBC.pdf', '1', '2025-08-14 18:47:29', '2025-08-14 18:47:29', NULL, 12, NULL, NULL),
	(20, 'AKTIVASI 0015.SPK Tahap I PT MSA', 'documents/0015.SPK Tahap I PT MSA.pdf', '1', '2025-08-14 19:04:14', '2025-08-14 19:04:14', NULL, 12, NULL, NULL),
	(21, 'AKTIVASI 0016 SPK Tahap I', 'documents/0016 SPK Tahap I.pdf', '1', '2025-08-14 19:05:41', '2025-08-14 19:05:41', NULL, 12, NULL, NULL),
	(22, 'AKTIVASI 0019 SPK Tahap I  PT MSA', 'documents/0019 SPK Tahap I  PT MSA.pdf', '1', '2025-08-14 19:07:10', '2025-08-14 19:07:10', NULL, 12, NULL, NULL),
	(23, 'AKTIVASI 0021 SPK Tahap I PT H2', 'documents/0021 SPK Tahap I PT H2.pdf', '1', '2025-08-14 19:54:35', '2025-08-14 19:54:35', NULL, 12, NULL, NULL),
	(24, 'AKTIVASI 0022 SPK Tahap I', 'documents/0022 SPK Tahap I.pdf', '1', '2025-08-14 19:58:48', '2025-08-14 19:58:48', NULL, 12, NULL, NULL),
	(25, 'AKTIVASI 0023 SPK Tahap I - PT HDUA', 'documents/0023 SPK Tahap I - PT HDUA.pdf', '1', '2025-08-14 20:04:51', '2025-08-14 20:04:51', NULL, 12, NULL, NULL),
	(26, 'AKTIVASI 0024 SPK Tahap I - PT Hdua - UPS - Repisi', 'documents/0024 SPK Tahap I - PT Hdua - UPS - Repisi.pdf', '1', '2025-08-14 20:06:28', '2025-08-14 20:06:28', NULL, 12, NULL, NULL),
	(27, 'AKTIVASI 0024 SPK Tahap I', 'documents/0024 SPK Tahap I.pdf', '1', '2025-08-14 20:08:03', '2025-08-14 20:08:03', NULL, 12, NULL, NULL),
	(28, 'AKTIVASI 0025 Tahap I UPS - PT KBC', 'documents/0025 Tahap I UPS - PT KBC.pdf', '1', '2025-08-14 20:09:04', '2025-08-14 20:09:04', NULL, 12, NULL, NULL),
	(29, 'AKTIVASI 0026 SPK Tahap I - Non KHS', 'documents/0026 SPK Tahap I - Non KHS.pdf', '1', '2025-08-14 20:10:01', '2025-08-14 20:10:01', NULL, 12, NULL, NULL),
	(30, 'AKTIVASI 0026 SPK Tahap I PT Hdua', 'documents/0026 SPK Tahap I PT Hdua.pdf', '1', '2025-08-14 20:10:57', '2025-08-14 20:10:57', NULL, 12, NULL, NULL),
	(31, 'AKTIVASI 0027 SPK TAHAP I - PT MSA', 'documents/0027 SPK TAHAP I - PT MSA.pdf', '1', '2025-08-14 20:12:36', '2025-08-14 20:12:36', NULL, 12, NULL, NULL),
	(32, 'AKTIVASI 0028 SPK TAHAP I - PT MSA', 'documents/0028 SPK TAHAP I - PT MSA.pdf', '1', '2025-08-14 20:13:36', '2025-08-14 20:13:36', NULL, 12, NULL, NULL),
	(33, 'AKTIVASI 0029 SPK Tahap I - PT Hdua', 'documents/0029 SPK Tahap I - PT Hdua.pdf', '1', '2025-08-14 20:14:39', '2025-08-14 20:14:39', NULL, 12, NULL, NULL),
	(34, 'AKTIVASI 0030 SPK Tahap I - PT KBC', 'documents/0030 SPK Tahap I - PT KBC.pdf', '1', '2025-08-14 20:15:47', '2025-08-14 20:15:47', NULL, 12, NULL, NULL),
	(35, 'AKTIVASI 0033 SPK Tahap I - PT Hdua', 'documents/0033 SPK Tahap I - PT Hdua.pdf', '1', '2025-08-14 20:16:49', '2025-08-14 20:16:49', NULL, 12, NULL, NULL),
	(36, 'AKTIVASI 0035 SPK Tahap I - PT MSA', 'documents/0035 SPK Tahap I - PT MSA.pdf', '1', '2025-08-14 20:18:02', '2025-08-14 20:18:02', NULL, 12, NULL, NULL),
	(37, 'AKTIVASI 0037 SPK Tahap I Pembayaran', 'documents/0037 SPK Tahap I Pembayaran.pdf', '1', '2025-08-14 20:19:02', '2025-08-14 20:19:02', NULL, 12, NULL, NULL),
	(38, 'AKTIVASI 0038 SPK Tahap I - PT Hdua', 'documents/0038 SPK Tahap I - PT Hdua.pdf', '1', '2025-08-14 20:20:09', '2025-08-14 20:20:09', NULL, 12, NULL, NULL),
	(39, 'AKTIVASI 0039 SPK - Tahap I - PT Hdua', 'documents/0039 SPK - Tahap I - PT Hdua.pdf', '1', '2025-08-14 20:21:05', '2025-08-14 20:21:05', NULL, 12, NULL, NULL),
	(40, 'AKTIVASI 0040 Tahap I - PT Hdua', 'documents/0040 Tahap I - PT Hdua.pdf', '1', '2025-08-14 20:22:16', '2025-08-14 20:22:16', NULL, 12, NULL, NULL),
	(41, 'AKTIVASI 0045 Tahap I  UPS - PT H2', 'documents/0045 Tahap I  UPS - PT H2.pdf', '1', '2025-08-14 20:23:22', '2025-08-14 20:23:22', NULL, 12, NULL, NULL),
	(42, 'AKTIVASI 0046 SPK - Tahap I - PT MSA', 'documents/0046 SPK - Tahap I - PT MSA.pdf', '1', '2025-08-14 20:24:51', '2025-08-14 20:24:51', NULL, 12, NULL, NULL),
	(43, 'AKTIVASI 0002.SPK Tahap II PT MSA', 'documents/0002.SPK Tahap II PT MSA.pdf', '1', '2025-08-14 23:40:05', '2025-08-14 23:40:05', NULL, 12, NULL, NULL),
	(44, 'AKTIVASI 0003.SPK  Tahap II PT Hdua', 'documents/0003.SPK  Tahap II PT Hdua.pdf', '1', '2025-08-14 23:41:19', '2025-08-14 23:41:19', NULL, 12, NULL, NULL),
	(45, 'AKTIVASI 0005.SPK Tahap II PT Hdua', 'documents/0005.SPK Tahap II PT Hdua.pdf', '1', '2025-08-14 23:42:43', '2025-08-14 23:43:34', NULL, 12, NULL, NULL),
	(46, 'AKTIVASI 0006 SPK Tahap II Pembayaran', 'documents/0006 SPK Tahap II Pembayaran.pdf', '1', '2025-08-14 23:44:54', '2025-08-14 23:44:54', NULL, 12, NULL, NULL),
	(47, 'AKTIVASI 0006 SPK Tahap II PT MSA', 'documents/0006 SPK Tahap II PT MSA.pdf', '1', '2025-08-14 23:46:10', '2025-08-14 23:46:10', NULL, 12, NULL, NULL),
	(48, 'AKTIVASI 0007 SPK Tahap II PT Hdua', 'documents/0007 SPK Tahap II PT Hdua.pdf', '1', '2025-08-14 23:47:16', '2025-08-14 23:47:16', NULL, 12, NULL, NULL),
	(49, 'AKATIVASI 0010 SPK Tahap II - PT H2', 'documents/0010 SPK Tahap II - PT H2.pdf', '1', '2025-08-14 23:48:29', '2025-08-14 23:48:29', NULL, 12, NULL, NULL),
	(50, 'AKTIVASI 0011 SPK Tahap II', 'documents/0011 SPK Tahap II.pdf', '1', '2025-08-14 23:49:32', '2025-08-14 23:49:32', NULL, 12, NULL, NULL),
	(51, 'AKTIVASI 0012 SPK Tahap 2 PT KBC', 'documents/0012 SPK Tahap 2 PT KBC.pdf', '1', '2025-08-14 23:50:30', '2025-08-14 23:50:30', NULL, 12, NULL, NULL),
	(52, 'AKTIVASI 0012 SPK Tahap II Pembayaran', 'documents/0012 SPK Tahap II Pembayaran.pdf', '1', '2025-08-14 23:51:27', '2025-08-14 23:51:27', NULL, 12, NULL, NULL),
	(53, 'AKTIVASI 0016 SPK Tahap II - PT Hdua', 'documents/0016 SPK Tahap II - PT Hdua.pdf', '1', '2025-08-14 23:52:23', '2025-08-14 23:52:23', NULL, 12, NULL, NULL),
	(54, 'AKTIVASI 0026 SPK Tahap II - PT Hdua', 'documents/0026 SPK Tahap II - PT Hdua.pdf', '1', '2025-08-14 23:54:49', '2025-08-14 23:55:25', NULL, 12, NULL, NULL),
	(55, 'AKTIVASI 0036 SPK Tahap II - PT MSA', 'documents/0036 SPK Tahap II - PT MSA.pdf', '1', '2025-08-14 23:56:29', '2025-08-14 23:56:29', NULL, 12, NULL, NULL),
	(56, 'AKTIVASI 0100.SPK - HDUA', 'documents/0100.SPK - HDUA.pdf', '1', '2025-08-14 23:57:39', '2025-08-14 23:58:15', NULL, 12, NULL, NULL),
	(57, 'AKTIVASI 0114.SPK - HDUA', 'documents/0114.SPK - HDUA.pdf', '1', '2025-08-14 23:59:19', '2025-08-14 23:59:19', NULL, 12, NULL, NULL),
	(58, 'AKTIVASI 0115.SPK - HDUA', 'documents/0115.SPK - HDUA.pdf', '1', '2025-08-15 00:00:07', '2025-08-15 00:00:07', NULL, 12, NULL, NULL),
	(59, 'AKTIVASI 0004 SPK Tahap I - PT KBC', NULL, '1', '2025-08-15 01:02:43', '2025-08-15 01:02:43', NULL, 12, NULL, NULL),
	(60, 'Hasil Survey', 'documents/933a4364-1a9a-45fc-921b-16dbc6f7c7ad.pdf', NULL, '2025-08-15 03:31:03', '2025-08-15 03:31:03', NULL, 2, 5, NULL),
	(61, 'SPK', 'documents/RAB.pdf', NULL, '2025-08-15 03:31:03', '2025-08-15 03:31:03', NULL, 2, 5, NULL),
	(62, 'BA Rectifier POP 0037', 'documents/SPK.0037.pdf', '1', '2025-08-19 19:26:00', '2025-08-19 19:26:00', NULL, 12, NULL, NULL),
	(63, 'BA PT ORBITEC UPS 0008.SPK ', 'documents/0008.SPK Pengadaan Pekerjaan Penggantian.pdf', '1', '2025-08-19 19:29:38', '2025-08-19 19:29:38', NULL, 12, NULL, NULL),
	(64, 'BA 0169.SPK PT NDTS PENGGANTIAN BIAYA', 'documents/0169.SPK PT NDTS PENGGANTIAN BIAYA.pdf', '1', '2025-08-19 19:30:58', '2025-08-19 19:30:58', NULL, 12, NULL, NULL),
	(65, 'BA SPK.0038 UPS PT ORBITEC', 'documents/SPK.0038 UPS PT ORBITEC.pdf', '1', '2025-08-19 19:32:26', '2025-08-19 19:32:26', NULL, 12, NULL, NULL),
	(66, 'BA QSFP 0035.SPK', 'documents/BA QSFP 0035.pdf', '1', '2025-08-19 19:37:19', '2025-08-19 19:37:19', NULL, 12, NULL, NULL),
	(67, 'BA Pemeliharaan Selther Batu Besar 0425.Pj', 'documents/Pemeliharaan Selther Batu Besar.pdf', '1', '2025-08-19 19:38:59', '2025-08-19 19:38:59', NULL, 12, NULL, NULL),
	(68, 'BAPSTB DAN INVOICE PENGGANTIAN MATERIAL ', 'documents/PT Nusa Data - Penggantian Material UTP Cable.pdf', '1', '2025-08-19 19:41:15', '2025-08-19 19:41:15', NULL, 12, NULL, NULL),
	(69, 'BA LAPORAN ACCESS POINT 2028.Pj', 'documents/PT Nusa Data - Pengadaan Perangkat Access Point PT PLN Batam.pdf', '1', '2025-08-19 19:43:05', '2025-08-19 19:43:05', NULL, 12, NULL, NULL),
	(70, 'BA TAP PERANGKAT PENDUKUNG APLIKASI 0040.Pj', 'documents/0040 perangkat pendukung.pdf', '1', '2025-08-19 19:45:52', '2025-08-19 19:45:52', NULL, 12, NULL, NULL),
	(71, 'BA TAP IT OT 0042.Pj', 'documents/0042. IT OT.pdf', '1', '2025-08-19 19:47:29', '2025-08-19 19:47:29', NULL, 12, NULL, NULL),
	(72, 'BA IP TRANSIT INTERNET 0036.SPK', 'documents/IP Transit Internet (Router Universal BGP – Juniper MX204).pdf', '1', '2025-08-19 19:56:20', '2025-08-19 19:56:20', NULL, 12, NULL, NULL),
	(73, 'BA LASTMILE FTTH', 'documents/Aktif Lastmile FTTH.pdf', '1', '2025-08-19 19:58:21', '2025-08-19 19:58:21', NULL, 12, NULL, NULL),
	(74, 'contoh', 'documents/GemastikXVIII_Deadline_Layar Segar.pdf', NULL, '2025-08-20 18:33:03', '2025-08-20 20:42:23', '2025-08-20 20:42:23', 2, 7, NULL),
	(75, 'spk', NULL, '0', '2025-08-21 20:08:49', '2025-08-21 20:09:11', '2025-08-21 20:09:11', 9, NULL, NULL),
	(76, 'BA Rekapitulasi Realisasi Performa Pemanfaatan Infrastruktur Telematika PT PLN Batam Untuk PT XLsmart Telecom Sejahtera (Periode Juli 2025)', 'documents/BA Rekapitulasi Realisasi Performa Pemanfaatan Infrastruktur Telematika PT PLN Batam Untuk PT XLsmart Telecom Sejahtera (Periode Juli 2025).pdf', '1', '2025-08-22 00:06:31', '2025-08-22 00:06:31', NULL, 12, NULL, NULL),
	(77, 'BA FTTH PERIODE DESEMBER - JANUARI 2025 0144.SPK', 'documents/BA FTTH PERIODE DESEMBER - JANUARI 2025 0144.SPK.pdf', '1', '2025-08-22 00:08:43', '2025-08-22 00:08:43', NULL, 12, NULL, NULL),
	(78, 'BA FTTH PERIODE JANUARI-FEBRUARI 2025 0144.SPK', 'documents/BA FTTH PERIODE JANUARI-FEBRUARI 2025 0144.SPK.pdf', '1', '2025-08-22 00:09:17', '2025-08-22 00:09:17', NULL, 12, NULL, NULL),
	(79, 'BA FTTH FEBRUARI - MARET 2025 0144.SPK', 'documents/BA FTTH FEBRUARI - MARET 2025 0144.SPK.pdf', '1', '2025-08-22 00:09:56', '2025-08-22 00:09:56', NULL, 12, NULL, NULL),
	(80, 'BA FTTH PERIODE MARET - APRIL 2025 0144.SPK', 'documents/BA FTTH PERIODE MARET - APRIL 2025 0144.SPK.pdf', '1', '2025-08-22 00:10:35', '2025-08-22 00:10:35', NULL, 12, NULL, NULL),
	(81, 'BA FTTH PERIODE APRIL - MEI 2025 0144.SPK', 'documents/BA FTTH PERIODE APRIL - MEI 2025 0144.SPK.pdf', '1', '2025-08-22 00:11:19', '2025-08-22 00:11:19', NULL, 12, NULL, NULL),
	(82, 'Material FTTH Mei 2025', 'documents/Material FTTH Mei 2025.pdf', '1', '2025-08-22 00:12:03', '2025-08-22 00:12:03', NULL, 12, NULL, NULL),
	(83, 'BA (NOC) 00739.SPK DESEMBER 2024 - JANUARI 2025', 'documents/BA FTTH PERIODE DESEMBER - JANUARI 2025 0144.SPK.pdf', '1', '2025-08-22 00:16:49', '2025-08-22 00:20:47', '2025-08-22 00:20:47', 12, NULL, NULL),
	(84, 'BA (NOC) 00739.SPK JANUARI - FEBRUARI 2025', 'documents/BA FTTH PERIODE JANUARI-FEBRUARI 2025 0144.SPK.pdf', '1', '2025-08-22 00:17:31', '2025-08-22 00:21:34', '2025-08-22 00:21:34', 12, NULL, NULL),
	(85, 'BA (NOC) 00739.SPK FEBRUARI - MARET 2025', 'documents/BA FTTH FEBRUARI - MARET 2025 0144.SPK.pdf', '1', '2025-08-22 00:18:05', '2025-08-22 00:21:52', '2025-08-22 00:21:52', 12, NULL, NULL),
	(86, 'BA (NOC) 00739.SPK MARET - APRIL 2025', 'documents/BA FTTH PERIODE MARET - APRIL 2025 0144.SPK.pdf', '1', '2025-08-22 00:18:33', '2025-08-22 00:22:09', '2025-08-22 00:22:09', 12, NULL, NULL),
	(87, 'BA (NOC) 00739.SPK APRIL - MEI 2025', 'documents/BA (NOC) 00739.SPK APRIL - MEI 2025.pdf', '1', '2025-08-22 00:19:32', '2025-08-22 00:22:25', '2025-08-22 00:22:25', 12, NULL, NULL),
	(88, 'BA (NOC) 00739.SPK DESEMBER 2024 - JANUARI 2025', 'documents/BA (NOC) 00739.SPK DESEMBER 2024 - JANUARI 2025.pdf', '1', '2025-08-22 00:23:04', '2025-08-22 00:23:04', NULL, 12, NULL, NULL),
	(89, 'BA (NOC) 00739.SPK JANUARI - FEBRUARI 2025', 'documents/BA (NOC) 00739.SPK JANUARI - FEBRUARI 2025.pdf', '1', '2025-08-22 00:23:40', '2025-08-22 00:23:40', NULL, 12, NULL, NULL),
	(90, 'BA (NOC) 00739.SPK FEBRUARI - MARET 2025', 'documents/BA (NOC) 00739.SPK FEBRUARI - MARET 2025.pdf', '1', '2025-08-22 00:24:13', '2025-08-22 00:24:13', NULL, 12, NULL, NULL),
	(91, 'BA (NOC) 00739.SPK MARET - APRIL 2025', 'documents/BA (NOC) 00739.SPK MARET - APRIL 2025.pdf', '1', '2025-08-22 00:24:51', '2025-08-22 00:24:51', NULL, 12, NULL, NULL),
	(92, 'BA (NOC) 00739.SPK APRIL - MEI 2025', 'documents/BA (NOC) 00739.SPK APRIL - MEI 2025.pdf', '1', '2025-08-22 00:25:22', '2025-08-22 00:25:22', NULL, 12, NULL, NULL),
	(93, 'BA (NOC) 00739.SPK MEI - JUNI 2025', 'documents/BA (NOC) 00739.SPK MEI - JUNI 2025.pdf', '1', '2025-08-22 00:25:56', '2025-08-22 00:25:56', NULL, 12, NULL, NULL),
	(94, 'BA(NOC) 00739.SPK JUNI - JULI 2025', 'documents/BA(NOC) 00739.SPK JUNI - JULI 2025.pdf', '1', '2025-08-22 00:26:30', '2025-08-22 00:26:30', NULL, 12, NULL, NULL),
	(95, 'BA PT SMARTFREN (Januari 2025)', 'documents/BA PT SMARTFREN (Januari 2025).pdf', '1', '2025-08-22 00:58:05', '2025-08-22 00:58:05', NULL, 12, NULL, NULL),
	(96, 'BA PT SMARTFREN (Februari 2025)', 'documents/BA PT SMARTFREN (Februari 2025).pdf', '1', '2025-08-22 00:58:33', '2025-08-22 00:58:33', NULL, 12, NULL, NULL),
	(97, 'BA PT Smartfren (Maret 2025)', 'documents/BA PT Smartfren (Maret 2025).pdf', '1', '2025-08-22 00:59:45', '2025-08-22 00:59:45', NULL, 12, NULL, NULL),
	(98, 'BA PT Smartfren (April 2025)', 'documents/BA PT Smartfren (April 2025).pdf', '1', '2025-08-22 01:02:09', '2025-08-22 01:02:09', NULL, 12, NULL, NULL),
	(99, 'BA PT XLSMART (16-30 April 2025)', 'documents/BA PT XLSMART (16-30 April 2025).pdf', '1', '2025-08-22 01:02:41', '2025-08-22 01:02:41', NULL, 12, NULL, NULL),
	(100, 'BA Rekon PT Smartfren Repisi ( Juni)', 'documents/BA Rekon PT Smartfren Repisi ( Juni).pdf', '1', '2025-08-22 01:03:04', '2025-08-22 01:03:04', NULL, 12, NULL, NULL),
	(101, 'LAPORAN NOC 22 JUL 2025 - 21 AUG 2025 (BLUM TTD)', 'documents/LAPORAN NOC 22 JUL 2025 - 21 AUG 2025 (BLUM TTD).pdf', '1', '2025-08-24 23:09:41', '2025-08-24 23:09:41', NULL, 12, NULL, NULL),
	(102, 'BA(NOC) 00739.SPK JULI-AGUSTUS 2025', 'documents/BA(NOC) 00739.SPK JULI - AGUSTUS 2025.pdf', '1', '2025-08-25 01:32:58', '2025-08-25 01:32:58', NULL, 12, NULL, NULL),
	(103, 'LAPORAN NOC 22 JUL 2025 - 21 AUG 2025 ( SUDAH DI TTD)', 'documents/LAPORAN NOC 22 JUL 2025 - 21 AUG 2025.pdf', '1', '2025-08-25 20:48:25', '2025-08-25 20:48:25', NULL, 12, NULL, NULL),
	(104, '0125.SPK Pemeliharaan Jaringan  januari  2025 TAB SOL', 'documents/0125.SPK Pemeliharaan Jaringan  januar 2025 TAB SOL.pdf', '1', '2025-08-26 17:56:41', '2025-08-26 17:56:41', NULL, 12, NULL, NULL),
	(105, '0125.SPK Pemelihara  Jaringan februari 2025 TAB SOL', 'documents/0125.SPK Pemelihara  Jaringan februari 2025 TAB SOL.pdf', '1', '2025-08-26 17:57:31', '2025-08-26 17:57:31', NULL, 12, NULL, NULL),
	(106, '0125.SPK Pemeliharaan Jaringan Maret 2025 TAB SOL', 'documents/0125.SPK Pemeliharaan Jaringan Maret 2025 TAB SOL.pdf', '1', '2025-08-26 17:58:05', '2025-08-26 17:58:05', NULL, 12, NULL, NULL),
	(107, '0125.SPK Pemeliharaan Jaringan April 2025 TAB SOL', 'documents/0125.SPK Pemeliharaan Jaringan Maret 2025 TAB SOL.pdf', '1', '2025-08-26 17:58:38', '2025-08-26 17:58:38', NULL, 12, NULL, NULL),
	(108, '0125.SPK Pemeliharaan Jaringan Mei 2025 TAB SOL', 'documents/0125.SPK Pemeliharaan Jaringan Mei 2025 TAB SOL.pdf', '1', '2025-08-26 17:59:35', '2025-08-26 17:59:35', NULL, 12, NULL, NULL),
	(109, '0125.SPK Pemeliharaan Jaringan Juni 2025 TAB SOL', 'documents/0125.SPK Pemeliharaan Jaringan Juni 2025 TAB SOL.pdf', '1', '2025-08-26 18:00:12', '2025-08-26 18:00:12', NULL, 12, NULL, NULL),
	(110, 'BERITA ACARA OPERASIONA - PT LINTAS - Sistem Jaringan Komunikasi Data - Main DC Baloi', 'documents/BAO_PLN_BATAM_SUKAJADI.pdf', '1', '2025-08-28 20:33:37', '2025-08-31 23:56:43', NULL, 49, NULL, NULL),
	(111, 'BERITA ACARA OPERASIONA - PT LINTAS - Sistem Jaringan Komunikasi Data - Backup DC Batam Center', 'documents/BAO_PLN_BATAM_ENGKU_PUTRI.pdf', '1', '2025-08-28 20:34:20', '2025-08-31 23:56:31', NULL, 49, NULL, NULL),
	(112, 'LAPORAN BULANAN AGUSTUS PELANGGAN DATA CENTER - IP METRO E dan IP VPN', 'documents/LAPORAN BULANAN AGUSTUS PELANGGAN DATA CENTER - IP METRO E dan IP VPN.pdf', '1', '2025-08-31 23:57:34', '2025-08-31 23:57:34', NULL, 49, NULL, NULL);

-- Dumping structure for table jarti.failed_jobs
CREATE TABLE IF NOT EXISTS `failed_jobs` (
  `id` bigint unsigned NOT NULL AUTO_INCREMENT,
  `uuid` varchar(255) CHARACTER SET utf8mb4 COLLATE utf8mb4_unicode_ci NOT NULL,
  `connection` text CHARACTER SET utf8mb4 COLLATE utf8mb4_unicode_ci NOT NULL,
  `queue` text CHARACTER SET utf8mb4 COLLATE utf8mb4_unicode_ci NOT NULL,
  `payload` longtext CHARACTER SET utf8mb4 COLLATE utf8mb4_unicode_ci NOT NULL,
  `exception` longtext CHARACTER SET utf8mb4 COLLATE utf8mb4_unicode_ci NOT NULL,
  `failed_at` timestamp NOT NULL DEFAULT CURRENT_TIMESTAMP,
  PRIMARY KEY (`id`) USING BTREE,
  UNIQUE KEY `failed_jobs_uuid_unique` (`uuid`) USING BTREE
) ENGINE=InnoDB DEFAULT CHARSET=utf8mb4 COLLATE=utf8mb4_unicode_ci ROW_FORMAT=DYNAMIC;

-- Dumping data for table jarti.failed_jobs: ~0 rows (approximately)
DELETE FROM `failed_jobs`;

-- Dumping structure for table jarti.field
CREATE TABLE IF NOT EXISTS `field` (
  `field_id` int NOT NULL AUTO_INCREMENT,
  `field_name` varchar(255) CHARACTER SET utf8mb4 COLLATE utf8mb4_0900_ai_ci DEFAULT NULL,
  `field_status` int DEFAULT '1',
  PRIMARY KEY (`field_id`) USING BTREE
) ENGINE=InnoDB AUTO_INCREMENT=13 DEFAULT CHARSET=utf8mb4 COLLATE=utf8mb4_0900_ai_ci ROW_FORMAT=DYNAMIC;

-- Dumping data for table jarti.field: ~11 rows (approximately)
DELETE FROM `field`;
INSERT INTO `field` (`field_id`, `field_name`, `field_status`) VALUES
	(1, 'NOC', 1),
	(2, 'SERPO FTTH', 1),
	(3, 'ENGINEER BACKBONE, CORE JARINGAN, CORE SWITCH', 1),
	(4, 'PATROLI', 1),
	(5, 'ADM', 1),
	(6, 'AKTIVASI', 1),
	(7, 'ENGINEER DISTRIBUSI', 1),
	(8, 'ENGINEER FTTH', 1),
	(9, 'CORE MANAGEMNET', 1),
	(10, 'SERPO', 1),
	(11, 'UBINFRA', 1);

-- Dumping structure for table jarti.gardus
CREATE TABLE IF NOT EXISTS `gardus` (
  `gardu_id` bigint unsigned NOT NULL AUTO_INCREMENT,
  `gardu_name` varchar(255) CHARACTER SET utf8mb4 COLLATE utf8mb4_unicode_ci NOT NULL,
  `gardu_feeder` varchar(255) CHARACTER SET utf8mb4 COLLATE utf8mb4_unicode_ci NOT NULL,
  `gardu_motorized` varchar(255) CHARACTER SET utf8mb4 COLLATE utf8mb4_unicode_ci NOT NULL,
  `gardu_jarkom` varchar(255) CHARACTER SET utf8mb4 COLLATE utf8mb4_unicode_ci NOT NULL,
  `gardu_proritas` varchar(255) CHARACTER SET utf8mb4 COLLATE utf8mb4_unicode_ci NOT NULL,
  `gardu_fo` varchar(255) CHARACTER SET utf8mb4 COLLATE utf8mb4_unicode_ci NOT NULL,
  `gardu_pop` varchar(255) CHARACTER SET utf8mb4 COLLATE utf8mb4_unicode_ci NOT NULL,
  `gardu_terdekat` varchar(255) CHARACTER SET utf8mb4 COLLATE utf8mb4_unicode_ci NOT NULL,
  `gardu_kabel_fa` varchar(255) CHARACTER SET utf8mb4 COLLATE utf8mb4_unicode_ci NOT NULL,
  `gardu_kabel_fig` varchar(255) CHARACTER SET utf8mb4 COLLATE utf8mb4_unicode_ci NOT NULL,
  `gardu_petik_core` varchar(255) CHARACTER SET utf8mb4 COLLATE utf8mb4_unicode_ci NOT NULL,
  `gardu_pekerjaan` varchar(255) CHARACTER SET utf8mb4 COLLATE utf8mb4_unicode_ci NOT NULL,
  `gardu_rab` varchar(255) CHARACTER SET utf8mb4 COLLATE utf8mb4_unicode_ci NOT NULL,
  `gardu_perizinan` varchar(255) CHARACTER SET utf8mb4 COLLATE utf8mb4_unicode_ci NOT NULL,
  `gardus_status` tinyint(1) NOT NULL DEFAULT '1',
  `created_at` timestamp NULL DEFAULT NULL,
  `updated_at` timestamp NULL DEFAULT NULL,
  `deleted_at` timestamp NULL DEFAULT NULL,
  `user_id` bigint unsigned NOT NULL,
  PRIMARY KEY (`gardu_id`) USING BTREE,
  KEY `gardus_user_id_foreign` (`user_id`) USING BTREE,
  CONSTRAINT `gardus_user_id_foreign` FOREIGN KEY (`user_id`) REFERENCES `users` (`user_id`) ON DELETE CASCADE ON UPDATE RESTRICT
) ENGINE=InnoDB AUTO_INCREMENT=2 DEFAULT CHARSET=utf8mb4 COLLATE=utf8mb4_unicode_ci ROW_FORMAT=DYNAMIC;

-- Dumping data for table jarti.gardus: ~0 rows (approximately)
DELETE FROM `gardus`;

-- Dumping structure for table jarti.jobs
CREATE TABLE IF NOT EXISTS `jobs` (
  `id` bigint unsigned NOT NULL AUTO_INCREMENT,
  `queue` varchar(255) CHARACTER SET utf8mb4 COLLATE utf8mb4_unicode_ci NOT NULL,
  `payload` longtext CHARACTER SET utf8mb4 COLLATE utf8mb4_unicode_ci NOT NULL,
  `attempts` tinyint unsigned NOT NULL,
  `reserved_at` int unsigned DEFAULT NULL,
  `available_at` int unsigned NOT NULL,
  `created_at` int unsigned NOT NULL,
  PRIMARY KEY (`id`) USING BTREE,
  KEY `jobs_queue_index` (`queue`) USING BTREE
) ENGINE=InnoDB DEFAULT CHARSET=utf8mb4 COLLATE=utf8mb4_unicode_ci ROW_FORMAT=DYNAMIC;

-- Dumping data for table jarti.jobs: ~0 rows (approximately)
DELETE FROM `jobs`;

-- Dumping structure for table jarti.job_batches
CREATE TABLE IF NOT EXISTS `job_batches` (
  `id` varchar(255) CHARACTER SET utf8mb4 COLLATE utf8mb4_unicode_ci NOT NULL,
  `name` varchar(255) CHARACTER SET utf8mb4 COLLATE utf8mb4_unicode_ci NOT NULL,
  `total_jobs` int NOT NULL,
  `pending_jobs` int NOT NULL,
  `failed_jobs` int NOT NULL,
  `failed_job_ids` longtext CHARACTER SET utf8mb4 COLLATE utf8mb4_unicode_ci NOT NULL,
  `options` mediumtext CHARACTER SET utf8mb4 COLLATE utf8mb4_unicode_ci,
  `cancelled_at` int DEFAULT NULL,
  `created_at` int NOT NULL,
  `finished_at` int DEFAULT NULL,
  PRIMARY KEY (`id`) USING BTREE
) ENGINE=InnoDB DEFAULT CHARSET=utf8mb4 COLLATE=utf8mb4_unicode_ci ROW_FORMAT=DYNAMIC;

-- Dumping data for table jarti.job_batches: ~0 rows (approximately)
DELETE FROM `job_batches`;

-- Dumping structure for table jarti.knowledgebase
CREATE TABLE IF NOT EXISTS `knowledgebase` (
  `kb_id` int NOT NULL AUTO_INCREMENT,
  `kb_name` varchar(255) CHARACTER SET utf8mb4 COLLATE utf8mb4_0900_ai_ci DEFAULT NULL,
  `kb_content` text CHARACTER SET utf8mb4 COLLATE utf8mb4_0900_ai_ci,
  `kb_status` int DEFAULT '1',
  `created_at` datetime DEFAULT NULL ON UPDATE CURRENT_TIMESTAMP,
  `updated_at` datetime DEFAULT NULL,
  `deleted_at` datetime DEFAULT NULL,
  `field_id` int DEFAULT NULL,
  `user_id` bigint DEFAULT NULL,
  PRIMARY KEY (`kb_id`) USING BTREE
) ENGINE=InnoDB AUTO_INCREMENT=35 DEFAULT CHARSET=utf8mb4 COLLATE=utf8mb4_0900_ai_ci ROW_FORMAT=DYNAMIC;

-- Dumping data for table jarti.knowledgebase: ~16 rows (approximately)
DELETE FROM `knowledgebase`;
INSERT INTO `knowledgebase` (`kb_id`, `kb_name`, `kb_content`, `kb_status`, `created_at`, `updated_at`, `deleted_at`, `field_id`, `user_id`) VALUES
	(19, 'aktivitas hari ini', '<p>.</p>', 1, '2025-08-20 22:02:44', '2025-08-21 05:02:44', '2025-08-21 05:02:44', 2, 17),
	(20, 'alpan', '<p>knhdkashkd</p>', 1, '2025-08-20 22:02:48', '2025-08-21 05:02:48', '2025-08-21 05:02:48', 9, 17),
	(21, 'Format Uraian Pekerjaan', '<p><strong>NAMA : FULAN<br>JABATAN : NOC</strong><br><br><strong style="text-decoration: underline;">URAIAN PEKERJAAN</strong></p><ol><li>Bla Bla Bla</li><li>Bla Bla Bla</li></ol>', 1, '2025-08-26 18:01:07', '2025-08-27 01:01:07', NULL, 5, 49),
	(22, 'TESTING', '<p>OKE</p>', 0, '2025-08-21 00:59:30', '2025-08-21 07:59:30', '2025-08-21 07:59:30', 7, 14),
	(23, 'Data Odf ALL POP', '<p><a href="https://docs.google.com/spreadsheets/d/1F7luyAEsFfJOCd_ivUySTpUCBUjk9uuSJFeQ92Zs0V4/edit?gid=982047872#gid=982047872">https://docs.google.com/spreadsheets/d/1F7luyAEsFfJOCd_ivUySTpUCBUjk9uuSJFeQ92Zs0V4/edit?gid=982047872#gid=982047872</a></p>', 1, '2025-08-21 02:45:01', '2025-08-21 09:45:01', '2025-08-21 09:45:01', 9, 21),
	(24, 'Format Uraian Pekerjaan', '<p>NAMA : APRIL ANTONI<br>JABATAN : AKTIVASI</p><p>URAIAN PEKERJAAN</p><p>- Melakukan survey pada Bmap data gardu yg di berikan pak Apri Ismanto</p><p>&nbsp; Dengan hasil RAB estimasi sementara, jarak tarikan, petikan core dari JB terdekat / spare kabel terdekat ataupun gardu terdekat</p><p>&nbsp; dan menentukan sub pop terdekat.</p><p>- Melakukan survey bersama mitra</p>', 1, '2025-08-26 18:21:56', '2025-08-27 01:21:56', NULL, 6, 8),
	(25, 'Format Uraian Pekerjaan', '<p>1. Manage Core Switch<br>2. Manage Router Backbone MPLS<br>3. Manager Router BGP IP Transit<br>4. Manage Switch Scada Backbone&nbsp;<br>5. Manage Wireless Controller<br>6. Manage Security Device - Application<br>&nbsp; &nbsp; a. Firewall Fortigate<br>&nbsp; &nbsp; b. FortiAnalyzer<br>&nbsp; &nbsp; c. Forti Manager<br>&nbsp; &nbsp; d. Nozomi Guardian<br>&nbsp; &nbsp; e. EdgeOne by TXOne<br>&nbsp; &nbsp; f. StellarOne by TXOne<br>&nbsp; &nbsp; g. Kaspersky Mail Gateway<br>7. Manage Network Monitoring Tools<br>&nbsp; &nbsp; a. Manage Engine OP Manager&nbsp;<br>&nbsp; &nbsp; b. Zabbix<br>8. Manage Authentication and Backup Configuration Switch<br>&nbsp; &nbsp; a. Ansbile - Automation Server<br>&nbsp; &nbsp; b. TFTP Server<br>&nbsp; &nbsp; c. Radius Server<br>9. Manage DHCP Server by Efficient IP<br>10. Manage IP Management by PHPIPAM<br>11. Manage NS Record - IP Public<br>12. Manage NTP Server<br><br></p>', 1, '2025-08-21 23:54:22', '2025-08-22 06:54:22', NULL, 3, 23),
	(26, 'contoh', '<p>contoh</p>', 1, '2025-08-24 23:46:12', '2025-08-25 06:46:12', '2025-08-25 06:46:12', 5, 1),
	(27, 'Kegiatan Preventive Maintenace ODP Tiban Housing', '<p>Kegiatan Preventive Maintenance ODP Tiban Housing yang pudar warna dan logo PLN Batam<br>ODP Tiban Housing D04 C10&nbsp;</p><div class="attachment-gallery attachment-gallery--2"><figure data-trix-attachment="{&quot;contentType&quot;:&quot;image/jpeg&quot;,&quot;filename&quot;:&quot;Gambar WhatsApp 2025-08-22 pukul 09.59.09_49fbbab2.jpg&quot;,&quot;filesize&quot;:172684,&quot;height&quot;:1600,&quot;href&quot;:&quot;/storage/uploads/ufDRWcgZfMbKOCcphoxBVToz05ygkgRNCqJEefof.jpg&quot;,&quot;url&quot;:&quot;/storage/uploads/ufDRWcgZfMbKOCcphoxBVToz05ygkgRNCqJEefof.jpg&quot;,&quot;width&quot;:1200}" data-trix-content-type="image/jpeg" data-trix-attributes="{&quot;caption&quot;:&quot;sebelum&quot;,&quot;presentation&quot;:&quot;gallery&quot;}" class="attachment attachment--preview attachment--jpg"><a href="/storage/uploads/ufDRWcgZfMbKOCcphoxBVToz05ygkgRNCqJEefof.jpg"><img src="/storage/uploads/ufDRWcgZfMbKOCcphoxBVToz05ygkgRNCqJEefof.jpg" width="1200" height="1600"><figcaption class="attachment__caption attachment__caption--edited">sebelum</figcaption></a></figure><figure data-trix-attachment="{&quot;contentType&quot;:&quot;image/jpeg&quot;,&quot;filename&quot;:&quot;Gambar WhatsApp 2025-08-22 pukul 09.59.09_e54d3dc7.jpg&quot;,&quot;filesize&quot;:182089,&quot;height&quot;:1600,&quot;href&quot;:&quot;/storage/uploads/9pXNnCnfjbeirmuay6tOkrNwfVG4npwx6kYGINAM.jpg&quot;,&quot;url&quot;:&quot;/storage/uploads/9pXNnCnfjbeirmuay6tOkrNwfVG4npwx6kYGINAM.jpg&quot;,&quot;width&quot;:1200}" data-trix-content-type="image/jpeg" data-trix-attributes="{&quot;caption&quot;:&quot;Sesudah&quot;,&quot;presentation&quot;:&quot;gallery&quot;}" class="attachment attachment--preview attachment--jpg"><a href="/storage/uploads/9pXNnCnfjbeirmuay6tOkrNwfVG4npwx6kYGINAM.jpg"><img src="/storage/uploads/9pXNnCnfjbeirmuay6tOkrNwfVG4npwx6kYGINAM.jpg" width="1200" height="1600"><figcaption class="attachment__caption attachment__caption--edited">Sesudah</figcaption></a></figure></div>', 1, '2025-08-24 18:24:17', '2025-08-25 01:24:17', NULL, 2, 13),
	(28, 'FORMAT URAIAN PEKERJAAN', '<h3><br></h3><p>1. Manage Dashboard FTTH :</p><p>- Dashboard Pelanggan FTTH</p><p>- Dashboard GRAFANA FTTH</p><p>- Data Homepass FTTH</p><p>-&nbsp; Timeline/Laporan pekerjaan harian FTTH</p><p>- TIMELINE INCREASE REVENUE 2025</p><p>- SLA FTTH &amp; FTTx</p><p>- LAPORAN KOMINFO</p><p>- DATA VLAN MITRA FTTH</p><p>2. Manage and Monitoring Perangkat Aktif dan Pasif Jaringan FTTH PLN Batam.&nbsp;</p><p>- <strong>OLT (Optical Line Terminal) - Aktif </strong><br>&nbsp;Perangkat aktif yang terletak di pusat jaringan/POP. OLT berfungsi sebagai pusat pengendali dan pembagi sinyal optik ke berbagai cabang (ONU atau ONT).</p><p>- <strong>ODF (Optical Distribution Frame) - Pasif</strong><br> Rak yang berisi panel-panel optik yang berfungsi untuk mengatur dan mendistribusikan serat optik.</p><p>- <strong>ODC (Optical Distribution Cabinet) - Pasif</strong><br> Kabinet optik yang berisi splitter dan konektor optik. Fungsinya untuk membagi sinyal optik dari feeder ke beberapa distribusi.</p><p>- <strong>ODP (Optical Distribution Point) - Pasif</strong><br> Titik distribusi optik yang terletak lebih dekat ke pelanggan. ODP berfungsi untuk membagi sinyal optik dari distribusi ke beberapa drop.</p><p>-&nbsp;<strong>ONT (Optical Network Terminal) - Aktif</strong><br> Perangkat yang terletak di sisi pelanggan. ONT berfungsi untuk mengubah sinyal optik menjadi sinyal listrik yang dapat digunakan oleh perangkat pelanggan.</p><p>3. Kordinasi dan monitoring kegiatan team Lapangan/Teknis FTTH.</p><p>4. Kordinasi dengan mitra PLN Batam terkait Pengecekan Laporan Gangguan, Aktivasi pelanggan baru dan Pemberhentian Pelanggan.</p><p>5. Monitoring dan Manage progres pekerjaan Preventive Maintenance / Urgent Maintenance.</p><p>6. Update Perubahan/penambahan Drawing Core FTTH PLN Batam.</p><p><br></p>', 1, '2025-08-26 08:20:16', '2025-08-26 15:20:16', NULL, 8, 19),
	(29, 'SOP PENANGANAN GANGGUAN KABEL KETARIK BEKO_PELEBARAN JALAN', '<p><a href="https://docs.google.com/document/d/1ueYdIt31mElUJkBWjH93Sm6CYG2rffi-/edit">https://docs.google.com/document/d/1ueYdIt31mElUJkBWjH93Sm6CYG2rffi-/edit</a></p>', 1, '2025-08-25 23:49:02', '2025-08-26 06:49:02', NULL, 9, 21),
	(30, 'Uraian Pekerjaan', '<p>1. Manage Core Switch<br>2. Manage Router Backbone MPLS<br>3. Manager Router BGP IP Transit<br>4. Manage Switch Scada Backbone&nbsp;<br>5. Manage Wireless Controller<br>6. Manage Security Device - Application<br>&nbsp; &nbsp; a. Firewall Fortigate<br>&nbsp; &nbsp; b. FortiAnalyzer<br>&nbsp; &nbsp; c. Forti Manager<br>&nbsp; &nbsp; d. Nozomi Guardian<br>&nbsp; &nbsp; e. EdgeOne by TXOne<br>&nbsp; &nbsp; f. StellarOne by TXOne<br>&nbsp; &nbsp; g. Kaspersky Mail Gateway<br>7. Manage Network Monitoring Tools<br>&nbsp; &nbsp; a. Manage Engine OP Manager&nbsp;<br>&nbsp; &nbsp; b. Zabbix<br>8. Manage Authentication and Backup Configuration Switch<br>&nbsp; &nbsp; a. Ansbile - Automation Server<br>&nbsp; &nbsp; b. TFTP Server<br>&nbsp; &nbsp; c. Radius Server<br>9. Manage DHCP Server by Efficient IP<br>10. Manage IP Management by PHPIPAM<br>11. Manage NS Record - IP Public<br>12. Manage NTP Server</p><p>13. Pembuatan Report Laporan SLA Mingguan OPMANAGER PLUS DAN OPMANAGER</p><p>14. Pembuatan Report Bulanan PLN BATAM</p><p>15. Pembuatan Report Bulanan Pemeliharaan</p>', 1, '2025-08-26 18:15:06', '2025-08-27 01:15:06', NULL, 3, 25),
	(31, 'Membuat Content Slide Show di Aplikasi JARTI', '<ol><li>Pilih menu <strong>Content</strong> di sebelah kiri<figure data-trix-attachment="{&quot;contentType&quot;:&quot;image/png&quot;,&quot;filename&quot;:&quot;image.png&quot;,&quot;filesize&quot;:18528,&quot;height&quot;:204,&quot;href&quot;:&quot;/storage/uploads/XTQjntFDgvoqTr2zZFshx5D07xK3CFgvHV738FmJ.png&quot;,&quot;url&quot;:&quot;/storage/uploads/XTQjntFDgvoqTr2zZFshx5D07xK3CFgvHV738FmJ.png&quot;,&quot;width&quot;:682}" data-trix-content-type="image/png" data-trix-attributes="{&quot;caption&quot;:&quot;Menu Content&quot;,&quot;presentation&quot;:&quot;gallery&quot;}" class="attachment attachment--preview attachment--png"><a href="/storage/uploads/XTQjntFDgvoqTr2zZFshx5D07xK3CFgvHV738FmJ.png"><img src="/storage/uploads/XTQjntFDgvoqTr2zZFshx5D07xK3CFgvHV738FmJ.png" width="682" height="204"><figcaption class="attachment__caption attachment__caption--edited">Menu Content</figcaption></a></figure></li><li>Di halaman Content akan terlihat daftar content yang telah di input. Untuk membuat Content baru klik tombol biru disebelah kanan atas yang bertuliskan <strong>Buat Content</strong><br><figure data-trix-attachment="{&quot;contentType&quot;:&quot;image/png&quot;,&quot;filename&quot;:&quot;image.png&quot;,&quot;filesize&quot;:410782,&quot;height&quot;:1428,&quot;href&quot;:&quot;/storage/uploads/EUoaPY1f2vJTNP3veojoRou26MxiJvSwmVEicp1b.png&quot;,&quot;url&quot;:&quot;/storage/uploads/EUoaPY1f2vJTNP3veojoRou26MxiJvSwmVEicp1b.png&quot;,&quot;width&quot;:2538}" data-trix-content-type="image/png" data-trix-attributes="{&quot;caption&quot;:&quot;Halaman Content&quot;,&quot;presentation&quot;:&quot;gallery&quot;}" class="attachment attachment--preview attachment--png"><a href="/storage/uploads/EUoaPY1f2vJTNP3veojoRou26MxiJvSwmVEicp1b.png"><img src="/storage/uploads/EUoaPY1f2vJTNP3veojoRou26MxiJvSwmVEicp1b.png" width="2538" height="1428"><figcaption class="attachment__caption attachment__caption--edited">Halaman Content</figcaption></a></figure></li><li>Pada halaman Buat Content, isi kolom Judul, Deskripsi, dan Foto.<br>Lalu kik tombol biru dengan tulisan <strong>Buat</strong><br><figure data-trix-attachment="{&quot;contentType&quot;:&quot;image/png&quot;,&quot;filename&quot;:&quot;image.png&quot;,&quot;filesize&quot;:153112,&quot;height&quot;:1208,&quot;href&quot;:&quot;/storage/uploads/5InQkltOk8sPWls5v3RKFz0yg4tN8IbpxVQPsTjR.png&quot;,&quot;url&quot;:&quot;/storage/uploads/5InQkltOk8sPWls5v3RKFz0yg4tN8IbpxVQPsTjR.png&quot;,&quot;width&quot;:2536}" data-trix-content-type="image/png" data-trix-attributes="{&quot;presentation&quot;:&quot;gallery&quot;}" class="attachment attachment--preview attachment--png"><a href="/storage/uploads/5InQkltOk8sPWls5v3RKFz0yg4tN8IbpxVQPsTjR.png"><img src="/storage/uploads/5InQkltOk8sPWls5v3RKFz0yg4tN8IbpxVQPsTjR.png" width="2536" height="1208"><figcaption class="attachment__caption"><span class="attachment__name">image.png</span> <span class="attachment__size">149.52 KB</span></figcaption></a></figure></li><li>Selesai, Content kamu akan tampil di Slide Show di halaman utama Aplikasi JARTI</li></ol>', 1, '2025-08-26 18:34:13', '2025-08-27 01:34:13', NULL, 5, 49),
	(32, 'Format Uraian Pekerjaan', '<p>Uraian Pekerjaan</p><p>1.Survey jalur melalui BMAP untuk mendapatkan estimasi jarak kabel yg akan di tarik.dari data gardu yang sudah di bagikan sama pak Apri</p><p>2.Survey kelapangan bersama Vendor untuk menentukan route kabel dari FO terdekat ke arah Gardu yang akan di tuju.dan menentukan Uplinknya dari POP terdekat.</p><p><br></p>', 1, '2025-08-26 18:37:37', '2025-08-27 01:37:37', NULL, 6, 9),
	(33, 'Konfigurasi Access Point Cisco ', '<p><a href="https://drive.google.com/drive/folders/1rs4kuxrpG9-VtkfuGl7JDL2n8Gu58RkZ">https://drive.google.com/drive/folders/1rs4kuxrpG9-VtkfuGl7JDL2n8Gu58RkZ</a></p>', 1, '2025-08-26 19:10:06', '2025-08-27 02:10:06', '2025-08-27 02:10:06', 7, 16),
	(34, 'Konfigurasi Access Point Cisco ', '<ol><li>ALAT KERJA&nbsp;</li></ol><p><br></p><ol><li>&nbsp;ALAT KERJA :</li><li>1. Laptop</li><li>2. Kabel console</li></ol><p><br><br></p><ol><li>A.<span style="text-decoration: underline;"> LANGKAH KERJA&nbsp;</span></li></ol><p>1. Konfigurasi access point</p><ol><li>1.1 Koneksikan kabel console dari laptop ke access point</li><li>1.2 Kemudian masuk ke device manager</li><li>1.3 Pastikan di COM berapa terkoneksi</li><li>1.4 Kemudian masuk ke putty</li><li>1.5 Untuk login ke access point gunakan username dan password default (username : cisco, Password : Cisco)</li><li>1.6 Kemudian ketik script :</li></ol><p><em>&nbsp;capwap ap primary-base wlc1 10.28.252.191 (untuk wlc 5508)</em></p><p><em>capwap ap primary-base wlcbright 10.28.252.193 (untuk wlc 9800)</em></p><ol><li>Kemudian ketik sh run untuk memastikan konfigurasi jika sudah maka</li><li>Selesai, untuk konfigurasi access point selesai.</li></ol><p><br><br></p><p><br></p>', 1, '2025-08-26 19:15:43', '2025-08-27 02:15:43', NULL, 7, 16);

-- Dumping structure for table jarti.knowledgebase_category
CREATE TABLE IF NOT EXISTS `knowledgebase_category` (
  `kbc_id` int NOT NULL AUTO_INCREMENT,
  `kbc_name` varchar(255) CHARACTER SET utf8mb4 COLLATE utf8mb4_0900_ai_ci DEFAULT NULL,
  PRIMARY KEY (`kbc_id`) USING BTREE
) ENGINE=InnoDB AUTO_INCREMENT=6 DEFAULT CHARSET=utf8mb4 COLLATE=utf8mb4_0900_ai_ci ROW_FORMAT=DYNAMIC;

-- Dumping data for table jarti.knowledgebase_category: ~5 rows (approximately)
DELETE FROM `knowledgebase_category`;
INSERT INTO `knowledgebase_category` (`kbc_id`, `kbc_name`) VALUES
	(1, 'NOC'),
	(2, 'Aktivasi'),
	(3, 'Serpo'),
	(4, 'FTTH'),
	(5, 'ADM');

-- Dumping structure for table jarti.locations
CREATE TABLE IF NOT EXISTS `locations` (
  `id_location` bigint unsigned NOT NULL AUTO_INCREMENT,
  `location` varchar(255) COLLATE utf8mb4_unicode_ci NOT NULL,
  `description` text COLLATE utf8mb4_unicode_ci,
  `address` text COLLATE utf8mb4_unicode_ci,
  `status` tinyint(1) NOT NULL DEFAULT '1',
  `latitude` decimal(10,8) DEFAULT NULL,
  `longitude` decimal(11,8) DEFAULT NULL,
  `created_at` timestamp NULL DEFAULT NULL,
  `updated_at` timestamp NULL DEFAULT NULL,
  PRIMARY KEY (`id_location`),
  KEY `locations_latitude_longitude_index` (`latitude`,`longitude`),
  KEY `locations_status_index` (`status`)
) ENGINE=InnoDB DEFAULT CHARSET=utf8mb4 COLLATE=utf8mb4_unicode_ci;

-- Dumping data for table jarti.locations: ~0 rows (approximately)
DELETE FROM `locations`;

-- Dumping structure for table jarti.migrations
CREATE TABLE IF NOT EXISTS `migrations` (
  `id` int unsigned NOT NULL AUTO_INCREMENT,
  `migration` varchar(255) CHARACTER SET utf8mb4 COLLATE utf8mb4_unicode_ci NOT NULL,
  `batch` int NOT NULL,
  PRIMARY KEY (`id`) USING BTREE
) ENGINE=InnoDB AUTO_INCREMENT=28 DEFAULT CHARSET=utf8mb4 COLLATE=utf8mb4_unicode_ci ROW_FORMAT=DYNAMIC;

-- Dumping data for table jarti.migrations: ~21 rows (approximately)
DELETE FROM `migrations`;
INSERT INTO `migrations` (`id`, `migration`, `batch`) VALUES
	(1, '0001_01_01_000001_create_cache_table', 1),
	(2, '0001_01_01_000002_create_jobs_table', 1),
	(3, '2025_08_11_053022_create_roles_table', 1),
	(4, '2025_08_11_053023_create_users_table', 1),
	(5, '2025_08_11_064309_create_vendors_table', 2),
	(12, '2025_08_11_074321_create_pops_table', 3),
	(13, '2025_08_12_072449_create_documents_table', 3),
	(14, '2025_08_12_072558_create_budgets_table', 3),
	(15, '2025_08_13_013305_create_permissions_table', 3),
	(16, '2025_08_13_013824_create_role_permissions_table', 3),
	(17, '2025_08_13_021020_create_substations_table', 3),
	(18, '2025_08_15_063219_create_permits_table', 4),
	(19, '2025_08_15_063549_create_approvers_table', 5),
	(20, '2025_08_21_071238_create_notifications_table', 6),
	(21, '2025_08_25_064151_create_contents_table', 7),
	(22, '2025_08_29_075241_create_penyerapan_table', 8),
	(23, '2025_09_10_000000_add_ldap_columns_to_users_table', 9),
	(24, '2025_09_17_075246_create_locations_table', 10),
	(25, '2025_09_17_085212_add_location_fields_to_users_table', 11),
	(26, '2025_09_17_092528_fix_locations_table_structure', 12),
	(27, '2025_09_17_101903_add_location_tracking_to_users_table', 13);

-- Dumping structure for table jarti.notifications
CREATE TABLE IF NOT EXISTS `notifications` (
  `id` char(36) CHARACTER SET utf8mb4 COLLATE utf8mb4_unicode_ci NOT NULL,
  `type` varchar(255) CHARACTER SET utf8mb4 COLLATE utf8mb4_unicode_ci NOT NULL,
  `notifiable_type` varchar(255) CHARACTER SET utf8mb4 COLLATE utf8mb4_unicode_ci NOT NULL,
  `notifiable_id` bigint unsigned NOT NULL,
  `data` text CHARACTER SET utf8mb4 COLLATE utf8mb4_unicode_ci NOT NULL,
  `read_at` timestamp NULL DEFAULT NULL,
  `created_at` timestamp NULL DEFAULT NULL,
  `updated_at` timestamp NULL DEFAULT NULL,
  PRIMARY KEY (`id`) USING BTREE,
  KEY `notifications_notifiable_type_notifiable_id_index` (`notifiable_type`,`notifiable_id`) USING BTREE
) ENGINE=InnoDB DEFAULT CHARSET=utf8mb4 COLLATE=utf8mb4_unicode_ci ROW_FORMAT=DYNAMIC;

-- Dumping data for table jarti.notifications: ~3 rows (approximately)
DELETE FROM `notifications`;
INSERT INTO `notifications` (`id`, `type`, `notifiable_type`, `notifiable_id`, `data`, `read_at`, `created_at`, `updated_at`) VALUES
	('0ad36b99-92fc-4bd0-8d43-d571b57dc03c', 'App\\Notifications\\PermitStatusNotification', 'App\\Models\\User', 2, '{"title":"Permit Ditolak","body":"Permit ID #3 Anda telah ditolak oleh Asisten Manajer Network.\\n\\nAlasan: dede","type":"danger","permit_id":3,"rejection_reason":"dede","action":{"label":"Lihat Permit","url":"http:\\/\\/jarti.plnbatam.com\\/admin\\/permits"}}', NULL, '2025-08-22 00:50:23', '2025-08-22 00:50:23'),
	('71617383-ce21-46ee-82a3-12d555bd353c', 'App\\Notifications\\PermitStatusNotification', 'App\\Models\\User', 4, '{"title":"Permit Menunggu Approval Anda","body":"Permit ID #3 dari Aktivasi menunggu persetujuan Anda.","type":"info","permit_id":3,"rejection_reason":null,"action":{"label":"Lihat Permit","url":"http:\\/\\/jarti.plnbatam.com\\/admin\\/permits"}}', NULL, '2025-08-22 00:46:00', '2025-08-22 00:46:00'),
	('fdd016ed-01aa-4fa9-b551-02834dab9ace', 'App\\Notifications\\PermitStatusNotification', 'App\\Models\\User', 2, '{"title":"Permit Ditolak","body":"Permit ID #4 Anda telah ditolak oleh Asisten Manajer Network.\\n\\nAlasan: dhjfbbhwdesfdew","type":"danger","permit_id":4,"rejection_reason":"dhjfbbhwdesfdew","action":{"label":"Lihat Permit","url":"http:\\/\\/jarti.plnbatam.com\\/admin\\/permits"}}', NULL, '2025-08-22 00:59:35', '2025-08-22 00:59:35');

-- Dumping structure for table jarti.password_reset_tokens
CREATE TABLE IF NOT EXISTS `password_reset_tokens` (
  `email` varchar(255) CHARACTER SET utf8mb4 COLLATE utf8mb4_unicode_ci NOT NULL,
  `token` varchar(255) CHARACTER SET utf8mb4 COLLATE utf8mb4_unicode_ci NOT NULL,
  `created_at` timestamp NULL DEFAULT NULL,
  PRIMARY KEY (`email`) USING BTREE
) ENGINE=InnoDB DEFAULT CHARSET=utf8mb4 COLLATE=utf8mb4_unicode_ci ROW_FORMAT=DYNAMIC;

-- Dumping data for table jarti.password_reset_tokens: ~0 rows (approximately)
DELETE FROM `password_reset_tokens`;

-- Dumping structure for table jarti.penyerapan
CREATE TABLE IF NOT EXISTS `penyerapan` (
  `id_penyerapan` bigint unsigned NOT NULL AUTO_INCREMENT,
  `no_surat_survey_penyerapan` varchar(255) CHARACTER SET utf8mb4 COLLATE utf8mb4_unicode_ci NOT NULL,
  `substation_id` bigint unsigned NOT NULL,
  `lokasi_pekerjaan` varchar(255) CHARACTER SET utf8mb4 COLLATE utf8mb4_unicode_ci DEFAULT NULL,
  `rab_penyerapan` bigint DEFAULT NULL,
  `tanggal_nota_dinas` date DEFAULT NULL,
  `diproses` varchar(255) CHARACTER SET utf8mb4 COLLATE utf8mb4_unicode_ci DEFAULT NULL,
  `kontrak_penyerapan` enum('Gardu','Presales','Backbone','Migrasi','SCADA','UPS/BATERAI','Backbone & Lasmile') CHARACTER SET utf8mb4 COLLATE utf8mb4_unicode_ci DEFAULT NULL,
  `status_transaksi` enum('SPK','PROSES SPK','PROSES ADM','SURVEY','PROSES AMS','PROSES SM INFRA','REVISI RAB','PROSES ASMAN JARTI','PROSES MAN INFRA') CHARACTER SET utf8mb4 COLLATE utf8mb4_unicode_ci DEFAULT NULL,
  `no_kontrak_spk` varchar(255) CHARACTER SET utf8mb4 COLLATE utf8mb4_unicode_ci DEFAULT NULL,
  `tanggal_kontrak_spk` date DEFAULT NULL,
  `vendor_id` bigint unsigned DEFAULT NULL,
  `estimasi_waktu` varchar(255) CHARACTER SET utf8mb4 COLLATE utf8mb4_unicode_ci DEFAULT NULL,
  `tanggal_mulai` date DEFAULT NULL,
  `tanggal_selesai` date DEFAULT NULL,
  `nilai_spk` bigint DEFAULT NULL,
  `bulan_spk` enum('Januari','Februari','Maret','April','Mei','Juni','Juli','Agustus','September','Oktober','November','Desember') CHARACTER SET utf8mb4 COLLATE utf8mb4_unicode_ci DEFAULT NULL,
  `amandemen` bigint DEFAULT NULL,
  `tahap1` bigint DEFAULT NULL,
  `tahap2` bigint DEFAULT NULL,
  `keterangan_tahap1` varchar(255) CHARACTER SET utf8mb4 COLLATE utf8mb4_unicode_ci DEFAULT NULL,
  `keterangan_tahap2` varchar(255) CHARACTER SET utf8mb4 COLLATE utf8mb4_unicode_ci DEFAULT NULL,
  `tanggal_bapp` date DEFAULT NULL,
  `tanggal_bastp` date DEFAULT NULL,
  `keterangan` text CHARACTER SET utf8mb4 COLLATE utf8mb4_unicode_ci,
  `deleted_at` timestamp NULL DEFAULT NULL,
  `created_at` timestamp NULL DEFAULT NULL,
  `updated_at` timestamp NULL DEFAULT NULL,
  PRIMARY KEY (`id_penyerapan`) USING BTREE,
  KEY `penyerapan_substation_id_foreign` (`substation_id`) USING BTREE,
  KEY `penyerapan_vendor_id_foreign` (`vendor_id`) USING BTREE,
  CONSTRAINT `penyerapan_substation_id_foreign` FOREIGN KEY (`substation_id`) REFERENCES `substations` (`substation_id`) ON DELETE RESTRICT ON UPDATE RESTRICT,
  CONSTRAINT `penyerapan_vendor_id_foreign` FOREIGN KEY (`vendor_id`) REFERENCES `vendors` (`vendor_id`) ON DELETE CASCADE ON UPDATE RESTRICT
) ENGINE=InnoDB AUTO_INCREMENT=10 DEFAULT CHARSET=utf8mb4 COLLATE=utf8mb4_unicode_ci ROW_FORMAT=DYNAMIC;

-- Dumping data for table jarti.penyerapan: ~9 rows (approximately)
DELETE FROM `penyerapan`;
INSERT INTO `penyerapan` (`id_penyerapan`, `no_surat_survey_penyerapan`, `substation_id`, `lokasi_pekerjaan`, `rab_penyerapan`, `tanggal_nota_dinas`, `diproses`, `kontrak_penyerapan`, `status_transaksi`, `no_kontrak_spk`, `tanggal_kontrak_spk`, `vendor_id`, `estimasi_waktu`, `tanggal_mulai`, `tanggal_selesai`, `nilai_spk`, `bulan_spk`, `amandemen`, `tahap1`, `tahap2`, `keterangan_tahap1`, `keterangan_tahap2`, `tanggal_bapp`, `tanggal_bastp`, `keterangan`, `deleted_at`, `created_at`, `updated_at`) VALUES
	(1, '009', 751, 'MMR GI Baloi - ODC 576 GI Baloi', 88766850, '2025-02-14', 'SM UBINFRA', 'Backbone & Lasmile', 'SPK', '0026.SPK/DAN.01.03/PLNBATAM020400/2025', '2025-04-25', 2, '60', '2025-04-25', '2025-05-29', 88766850, 'Mei', 75979250, 75180288, 3789962, 'SELESAI', 'SELESAI', '2025-05-28', '2025-05-28', NULL, NULL, '2025-09-03 00:26:07', '2025-09-03 00:52:34'),
	(2, '010', 752, 'Server GI Batu Besar - ODC 288 GI Batu Besar', 89157700, '2025-02-14', 'SM UBINFRA', 'Backbone', 'SPK', '0021.SPK/DAN.01.03/PLNBATAM020400/2025', '2025-04-23', 2, '50', '2025-04-24', '2025-06-12', 68429500, 'Juni', 88890700, 84446165, 4444535, 'SELESAI', 'PEMELIHARAAN', '2025-07-13', '2025-07-13', 'Perpanjangan waktu 15 (Matrial pengiriman)& DENDA 22 Hari kalender', NULL, '2025-09-03 00:39:10', '2025-09-03 00:46:05'),
	(3, '012', 753, 'GD Nongsa Greencity 3 - HH Devely Resident', 66668200, '2025-02-25', 'SM UBINFRA', 'Migrasi', 'SPK', '0022.SPK/DAN.01.03/PLNBATAM020400/2025', '2025-04-23', 3, '30', NULL, '2025-05-22', 66668200, 'Mei', 65, 65004400, 61754180, 'SELESAI', 'SELESAI', '2025-05-22', '2025-05-22', NULL, NULL, '2025-09-03 00:51:44', '2025-09-03 00:56:30'),
	(4, '013', 754, 'GT Grand  Avenue - JB Grand Avenue Park', 85302800, '2025-03-03', 'SM UBINFRA', 'Gardu', 'SPK', '0023.SPK/DAN.01.03/PLNBATAM020400/2025', '2025-04-24', 2, '50', '2025-04-24', '2025-06-12', 85302800, 'Juni', 89746200, 85258890, 4487310, 'SELESAI', 'PEMELIHARAAN', '2025-05-22', '2025-05-22', 'Perpanjangan waktu 15 (perijinan developer)', NULL, '2025-09-03 00:58:32', '2025-09-03 01:02:26'),
	(5, '018', 755, 'GH Bengkong Laut -  JB GD Golden City / Mesjid Cheng HO', 49879300, '2025-03-11', 'SM UBINFRA', 'SCADA', 'SPK', '0024.SPK/DAN.01.03/PLNBATAM020400/2025', '2025-04-24', 3, '30', '2025-04-24', '2025-05-23', 49879300, 'Mei', 51432400, 48860780, 2571620, 'SELESAI', 'SELESAI', '2025-05-22', '2025-05-22', 'Repisi RAB di buat 2 SPK (semula 1 RAB)', NULL, '2025-09-03 01:05:43', '2025-09-03 01:13:07'),
	(6, '019', 756, 'GD PT. Hiasindah Bangun Raya - JB Galangan Putra Tanjung Pura ', 95237800, '2025-04-21', 'SM UBINFRA', 'SCADA', 'SPK', '0025.SPK/DAN.01.03/PLNBATAM020400/2025', '2025-04-24', 3, '40', '2025-04-24', '2025-02-26', 95237800, 'April', 95860300, 91067285, 4793015, 'Selesai', 'Pemeliharaan', '2025-06-04', '2025-06-04', 'Denda 2 hari, keterlmbatan matrial', NULL, '2025-09-03 01:16:14', '2025-09-03 01:22:12'),
	(7, '014', 757, 'HH Simpang Sambau - GH Lapangan Bola', 338847300, '2025-04-21', 'SM UBINFRA', 'Backbone & Lasmile', 'SPK', '0027.SPK/DAN.01.03/PLNBATAM020400/2025', '2025-04-25', 4, '60', '2025-04-25', '2025-06-23', 338847300, 'Juni', 336660100, 320, 17, 'SELESAI', 'PEMELIHARAAN', '2025-06-11', '2025-06-11', 'Repisi RAB di buat 2 SPK (semula 1 RAB)', NULL, '2025-09-03 01:16:17', '2025-09-03 01:19:03'),
	(8, '020', 758, 'GH Lapangan Bola - GIS Kabil', 595381800, '2025-04-21', 'SM UBINFRA', 'Backbone & Lasmile', 'SPK', '0028.SPK/DAN.01.03/PLNBATAM020400/2025', '2025-05-09', 4, '60', '2025-05-09', '2025-07-07', 595381800, 'Juli', 576501950, 547676853, 29, 'SELESAI', 'PEMELIHARAAN', '2025-06-11', '2025-06-11', 'lebih cepat', NULL, '2025-09-03 01:21:23', '2025-09-03 01:26:22'),
	(9, '23', 727, 'GD Cemara Asri 2 - MH Depan Villa Muka Kuning ', 78772400, '2025-05-02', 'SM UBINFRA', NULL, NULL, NULL, NULL, NULL, NULL, NULL, NULL, NULL, NULL, NULL, NULL, NULL, NULL, NULL, NULL, NULL, NULL, NULL, '2025-09-03 01:29:47', '2025-09-03 01:30:19');

-- Dumping structure for table jarti.permissions
CREATE TABLE IF NOT EXISTS `permissions` (
  `permission_id` bigint unsigned NOT NULL AUTO_INCREMENT,
  `permission_name` varchar(255) CHARACTER SET utf8mb4 COLLATE utf8mb4_unicode_ci NOT NULL,
  `created_at` timestamp NULL DEFAULT NULL,
  `updated_at` timestamp NULL DEFAULT NULL,
  `deleted_at` timestamp NULL DEFAULT NULL,
  PRIMARY KEY (`permission_id`) USING BTREE
) ENGINE=InnoDB AUTO_INCREMENT=18 DEFAULT CHARSET=utf8mb4 COLLATE=utf8mb4_unicode_ci ROW_FORMAT=DYNAMIC;

-- Dumping data for table jarti.permissions: ~17 rows (approximately)
DELETE FROM `permissions`;
INSERT INTO `permissions` (`permission_id`, `permission_name`, `created_at`, `updated_at`, `deleted_at`) VALUES
	(1, 'documents', NULL, NULL, NULL),
	(2, 'users', NULL, NULL, NULL),
	(3, 'vendors', NULL, NULL, NULL),
	(4, 'pops', NULL, NULL, NULL),
	(5, 'budgets', NULL, NULL, NULL),
	(6, 'substations', NULL, NULL, NULL),
	(7, 'roles', NULL, NULL, NULL),
	(8, 'knowledgebases', NULL, NULL, NULL),
	(9, 'aktivasis', NULL, NULL, NULL),
	(10, 'permits', NULL, NULL, NULL),
	(11, 'contents', NULL, NULL, NULL),
	(12, 'penyerapans', NULL, NULL, NULL),
	(13, 'nota-dinas', NULL, NULL, NULL),
	(14, 'spk', NULL, NULL, NULL),
	(15, 'pembayaran', NULL, NULL, NULL),
	(16, 'locations', NULL, NULL, NULL),
	(17, 'tracking', NULL, NULL, NULL);

-- Dumping structure for table jarti.permits
CREATE TABLE IF NOT EXISTS `permits` (
  `permit_id` bigint unsigned NOT NULL AUTO_INCREMENT,
  `user_id` bigint unsigned NOT NULL,
  `substation_id` bigint unsigned NOT NULL,
  `permit_status` tinyint(1) NOT NULL DEFAULT '0',
  `created_at` timestamp NULL DEFAULT NULL,
  `updated_at` timestamp NULL DEFAULT NULL,
  `deleted_at` timestamp NULL DEFAULT NULL,
  `rejected_by` varchar(255) CHARACTER SET utf8mb4 COLLATE utf8mb4_unicode_ci DEFAULT NULL,
  `rejected_at` datetime DEFAULT NULL,
  PRIMARY KEY (`permit_id`) USING BTREE,
  KEY `permits_user_id_foreign` (`user_id`) USING BTREE,
  KEY `permits_substation_id_foreign` (`substation_id`) USING BTREE,
  CONSTRAINT `permits_substation_id_foreign` FOREIGN KEY (`substation_id`) REFERENCES `substations` (`substation_id`) ON DELETE RESTRICT ON UPDATE RESTRICT,
  CONSTRAINT `permits_user_id_foreign` FOREIGN KEY (`user_id`) REFERENCES `users` (`user_id`) ON DELETE RESTRICT ON UPDATE RESTRICT
) ENGINE=InnoDB AUTO_INCREMENT=32 DEFAULT CHARSET=utf8mb4 COLLATE=utf8mb4_unicode_ci ROW_FORMAT=DYNAMIC;

-- Dumping data for table jarti.permits: ~31 rows (approximately)
DELETE FROM `permits`;
INSERT INTO `permits` (`permit_id`, `user_id`, `substation_id`, `permit_status`, `created_at`, `updated_at`, `deleted_at`, `rejected_by`, `rejected_at`) VALUES
	(1, 2, 3, 1, '2025-08-15 03:16:46', '2025-08-15 04:01:31', NULL, NULL, NULL),
	(2, 2, 53, 0, '2025-08-20 18:17:11', '2025-08-20 18:17:11', NULL, NULL, NULL),
	(3, 2, 53, 0, '2025-08-22 00:45:08', '2025-09-02 08:18:41', NULL, NULL, NULL),
	(4, 2, 53, 0, '2025-08-22 00:57:59', '2025-09-02 08:18:31', NULL, NULL, NULL),
	(5, 1, 753, 0, '2025-09-09 22:01:04', '2025-09-09 22:01:04', NULL, NULL, NULL),
	(6, 1, 753, 0, '2025-09-09 22:02:39', '2025-09-09 22:02:39', NULL, NULL, NULL),
	(7, 1, 753, 0, '2025-09-09 22:05:30', '2025-09-09 22:05:30', NULL, NULL, NULL),
	(8, 1, 755, 0, '2025-09-09 22:06:33', '2025-09-09 22:06:33', NULL, NULL, NULL),
	(9, 1, 755, 0, '2025-09-09 22:07:45', '2025-09-09 22:07:45', NULL, NULL, NULL),
	(10, 1, 755, 0, '2025-09-09 22:10:52', '2025-09-09 22:10:52', NULL, NULL, NULL),
	(11, 1, 755, 0, '2025-09-09 22:11:55', '2025-09-09 22:11:55', NULL, NULL, NULL),
	(12, 1, 755, 0, '2025-09-09 22:12:10', '2025-09-09 22:12:10', NULL, NULL, NULL),
	(13, 1, 753, 0, '2025-09-09 22:14:27', '2025-09-09 22:14:27', NULL, NULL, NULL),
	(14, 1, 753, 0, '2025-09-09 22:16:33', '2025-09-09 22:16:33', NULL, NULL, NULL),
	(15, 60, 753, 0, '2025-09-09 22:50:12', '2025-09-09 22:50:12', NULL, NULL, NULL),
	(16, 60, 753, 0, '2025-09-09 22:57:41', '2025-09-09 22:57:41', NULL, NULL, NULL),
	(17, 60, 264, 0, '2025-09-09 23:00:08', '2025-09-09 23:00:08', NULL, NULL, NULL),
	(18, 59, 755, 0, '2025-09-10 00:22:01', '2025-09-10 00:22:01', NULL, NULL, NULL),
	(19, 59, 755, 0, '2025-09-10 00:26:39', '2025-09-10 00:26:39', NULL, NULL, NULL),
	(20, 59, 755, 0, '2025-09-10 00:29:48', '2025-09-10 00:29:48', NULL, NULL, NULL),
	(21, 59, 753, 0, '2025-09-10 00:31:15', '2025-09-10 00:31:15', NULL, NULL, NULL),
	(22, 59, 758, 0, '2025-09-10 00:35:17', '2025-09-10 00:35:17', NULL, NULL, NULL),
	(23, 59, 758, 0, '2025-09-10 00:36:07', '2025-09-10 00:36:07', NULL, NULL, NULL),
	(24, 59, 758, 0, '2025-09-10 00:38:21', '2025-09-10 00:38:21', NULL, NULL, NULL),
	(25, 59, 758, 0, '2025-09-10 00:38:34', '2025-09-10 00:38:34', NULL, NULL, NULL),
	(26, 59, 755, 0, '2025-09-10 00:39:02', '2025-09-10 00:39:02', NULL, NULL, NULL),
	(27, 59, 755, 0, '2025-09-10 00:39:14', '2025-09-10 00:39:14', NULL, NULL, NULL),
	(28, 59, 755, 0, '2025-09-10 00:39:20', '2025-09-10 00:39:20', NULL, NULL, NULL),
	(29, 59, 755, 0, '2025-09-10 00:39:48', '2025-09-10 00:39:48', NULL, NULL, NULL),
	(30, 1, 753, 0, '2025-09-10 00:42:51', '2025-09-10 00:42:51', NULL, NULL, NULL),
	(31, 1, 755, 0, '2025-09-10 00:53:14', '2025-09-10 00:53:14', NULL, NULL, NULL);

-- Dumping structure for table jarti.pops
CREATE TABLE IF NOT EXISTS `pops` (
  `pop_id` bigint unsigned NOT NULL AUTO_INCREMENT,
  `pop_name` varchar(255) CHARACTER SET utf8mb4 COLLATE utf8mb4_unicode_ci NOT NULL,
  `pop_status` tinyint(1) NOT NULL DEFAULT '1',
  `created_at` timestamp NULL DEFAULT NULL,
  `updated_at` timestamp NULL DEFAULT NULL,
  `deleted_at` timestamp NULL DEFAULT NULL,
  PRIMARY KEY (`pop_id`) USING BTREE
) ENGINE=InnoDB AUTO_INCREMENT=47 DEFAULT CHARSET=utf8mb4 COLLATE=utf8mb4_unicode_ci ROW_FORMAT=DYNAMIC;

-- Dumping data for table jarti.pops: ~23 rows (approximately)
DELETE FROM `pops`;
INSERT INTO `pops` (`pop_id`, `pop_name`, `pop_status`, `created_at`, `updated_at`, `deleted_at`) VALUES
	(1, 'POP Muka Kuning', 1, '2025-08-12 06:46:40', '2025-08-20 23:54:00', NULL),
	(25, 'POP Baloi', 1, '2025-08-12 22:57:59', '2025-08-20 23:54:07', NULL),
	(26, 'SubPOP SBU', 1, '2025-08-12 22:58:13', '2025-08-20 23:54:25', NULL),
	(27, 'POP Batam Center', 1, '2025-08-12 22:58:28', '2025-08-20 23:53:51', NULL),
	(28, 'POP Batu Besar', 1, '2025-08-12 22:58:35', '2025-08-20 23:54:38', NULL),
	(29, 'SubPOP Rajawali', 1, '2025-08-12 22:58:41', '2025-08-20 23:54:59', NULL),
	(30, 'SubPOP OMA BTS', 1, '2025-08-12 22:58:51', '2025-08-20 23:55:14', NULL),
	(31, 'POP Nongsa', 1, '2025-08-12 22:59:04', '2025-08-20 23:55:34', NULL),
	(32, 'POP Kabil', 1, '2025-08-12 22:59:08', '2025-08-20 23:55:47', NULL),
	(33, 'POP Tanjung Kasam', 1, '2025-08-12 22:59:17', '2025-08-20 23:56:10', NULL),
	(34, 'POP Panaran', 1, '2025-08-12 22:59:26', '2025-08-20 23:56:23', NULL),
	(35, 'SubPOP KAV Seraya', 1, '2025-08-12 22:59:36', '2025-08-20 23:56:48', NULL),
	(36, 'POP Batu Aji', 1, '2025-08-12 22:59:43', '2025-08-20 23:57:04', NULL),
	(37, 'POP Tanjung Uncang', 1, '2025-08-12 22:59:53', '2025-08-20 23:57:25', NULL),
	(38, 'POP Sagunglung', 1, '2025-08-12 23:00:02', '2025-08-20 23:57:41', NULL),
	(39, 'POP SEI Harapan', 1, '2025-08-12 23:00:09', '2025-08-20 23:57:54', NULL),
	(40, 'POP Tiban', 1, '2025-08-12 23:00:14', '2025-08-20 23:58:10', NULL),
	(41, 'POP Nagoya', 1, '2025-08-12 23:00:18', '2025-08-20 23:58:23', NULL),
	(42, 'SubPOP Wiramustika', 1, '2025-08-12 23:00:24', '2025-08-20 23:58:44', NULL),
	(43, 'SubPOP Marina Park', 1, '2025-08-12 23:00:30', '2025-08-20 23:59:03', NULL),
	(44, 'POP Batu Ampar', 1, '2025-08-12 23:00:36', '2025-08-20 23:59:20', NULL),
	(45, 'SubPOP Bengkong Jaya', 1, '2025-08-12 23:00:43', '2025-08-20 23:59:38', NULL),
	(46, 'POP Sengkuang', 1, '2025-08-12 23:00:50', '2025-08-20 23:59:48', NULL);

-- Dumping structure for table jarti.roles
CREATE TABLE IF NOT EXISTS `roles` (
  `role_id` bigint unsigned NOT NULL AUTO_INCREMENT,
  `role_name` varchar(255) CHARACTER SET utf8mb4 COLLATE utf8mb4_unicode_ci NOT NULL,
  `role_status` tinyint(1) NOT NULL DEFAULT '1',
  `created_at` timestamp NULL DEFAULT NULL,
  `updated_at` timestamp NULL DEFAULT NULL,
  `deleted_at` timestamp NULL DEFAULT NULL,
  PRIMARY KEY (`role_id`) USING BTREE
) ENGINE=InnoDB AUTO_INCREMENT=21 DEFAULT CHARSET=utf8mb4 COLLATE=utf8mb4_unicode_ci ROW_FORMAT=DYNAMIC;

-- Dumping data for table jarti.roles: ~19 rows (approximately)
DELETE FROM `roles`;
INSERT INTO `roles` (`role_id`, `role_name`, `role_status`, `created_at`, `updated_at`, `deleted_at`) VALUES
	(1, 'Administrator', 1, NULL, '2025-08-13 01:05:38', NULL),
	(2, 'Aktivasi', 1, '2025-08-10 08:52:54', '2025-08-10 08:52:54', NULL),
	(3, 'Administrasi', 1, '2025-08-10 09:35:46', '2025-08-13 01:06:02', NULL),
	(4, 'NOC', 1, '2025-08-10 09:40:15', '2025-08-14 18:51:08', NULL),
	(5, 'Infra Manager', 1, '2025-08-10 09:41:10', '2025-08-10 09:41:10', NULL),
	(6, 'Senior Manager', 1, '2025-08-10 09:41:18', '2025-08-11 04:28:53', NULL),
	(8, 'Staff IT Network', 1, '2025-08-15 02:42:00', '2025-08-15 02:42:00', NULL),
	(9, 'Asisten Manajer Network', 1, NULL, NULL, NULL),
	(10, 'FTTH', 1, '2025-08-20 20:39:27', '2025-08-20 21:10:21', NULL),
	(11, 'Network Engineer', 1, '2025-08-20 21:10:42', '2025-08-20 21:10:42', NULL),
	(12, 'Management Core', 1, '2025-08-20 21:10:57', '2025-08-20 21:10:57', NULL),
	(13, 'Team Leader Recovery', 1, '2025-08-20 21:11:27', '2025-08-20 21:11:27', NULL),
	(14, 'Helpdesk', 1, '2025-08-20 21:11:34', '2025-08-20 21:11:34', NULL),
	(15, 'Project Administrator', 1, '2025-08-20 21:11:45', '2025-08-20 21:11:45', NULL),
	(16, 'Jointer', 1, '2025-08-20 21:11:55', '2025-08-20 21:11:55', NULL),
	(17, 'FOC Technician', 1, '2025-08-20 21:12:09', '2025-08-20 21:12:09', NULL),
	(18, 'FOT Technician', 1, '2025-08-20 21:12:39', '2025-08-20 21:12:39', NULL),
	(19, 'Teknisi Patroli', 1, '2025-08-20 21:12:50', '2025-08-20 21:12:50', NULL),
	(20, 'Surveyor', 1, '2025-08-20 21:13:00', '2025-08-20 21:13:00', NULL);

-- Dumping structure for table jarti.role_permissions
CREATE TABLE IF NOT EXISTS `role_permissions` (
  `id` bigint unsigned NOT NULL AUTO_INCREMENT,
  `role_id` bigint unsigned NOT NULL,
  `permission_id` bigint unsigned NOT NULL,
  `created_at` timestamp NULL DEFAULT NULL,
  `updated_at` timestamp NULL DEFAULT NULL,
  PRIMARY KEY (`id`) USING BTREE,
  UNIQUE KEY `role_permissions_role_id_permission_id_unique` (`role_id`,`permission_id`) USING BTREE,
  KEY `role_permissions_permission_id_foreign` (`permission_id`) USING BTREE,
  CONSTRAINT `role_permissions_permission_id_foreign` FOREIGN KEY (`permission_id`) REFERENCES `permissions` (`permission_id`) ON DELETE CASCADE ON UPDATE RESTRICT,
  CONSTRAINT `role_permissions_role_id_foreign` FOREIGN KEY (`role_id`) REFERENCES `roles` (`role_id`) ON DELETE CASCADE ON UPDATE RESTRICT
) ENGINE=InnoDB AUTO_INCREMENT=86 DEFAULT CHARSET=utf8mb4 COLLATE=utf8mb4_unicode_ci ROW_FORMAT=DYNAMIC;

-- Dumping data for table jarti.role_permissions: ~76 rows (approximately)
DELETE FROM `role_permissions`;
INSERT INTO `role_permissions` (`id`, `role_id`, `permission_id`, `created_at`, `updated_at`) VALUES
	(1, 6, 1, NULL, NULL),
	(2, 1, 1, NULL, NULL),
	(3, 1, 2, NULL, NULL),
	(4, 1, 3, NULL, NULL),
	(5, 1, 4, NULL, NULL),
	(6, 1, 5, NULL, NULL),
	(7, 1, 6, NULL, NULL),
	(8, 1, 7, NULL, NULL),
	(9, 2, 6, NULL, NULL),
	(10, 3, 1, NULL, NULL),
	(11, 1, 8, NULL, NULL),
	(12, 3, 3, NULL, NULL),
	(13, 3, 5, NULL, NULL),
	(14, 4, 8, NULL, NULL),
	(15, 1, 9, NULL, NULL),
	(16, 8, 9, NULL, NULL),
	(18, 8, 1, NULL, NULL),
	(19, 8, 8, NULL, NULL),
	(22, 8, 6, NULL, NULL),
	(25, 1, 10, NULL, NULL),
	(26, 2, 10, NULL, NULL),
	(27, 2, 1, NULL, NULL),
	(28, 2, 9, NULL, NULL),
	(29, 2, 8, NULL, NULL),
	(34, 5, 9, NULL, NULL),
	(35, 5, 1, NULL, NULL),
	(36, 5, 8, NULL, NULL),
	(37, 5, 10, NULL, NULL),
	(38, 5, 6, NULL, NULL),
	(39, 5, 5, NULL, NULL),
	(40, 8, 10, NULL, NULL),
	(41, 9, 9, NULL, NULL),
	(42, 9, 1, NULL, NULL),
	(43, 9, 8, NULL, NULL),
	(44, 9, 10, NULL, NULL),
	(45, 9, 6, NULL, NULL),
	(46, 10, 8, NULL, NULL),
	(47, 11, 8, NULL, NULL),
	(48, 12, 8, NULL, NULL),
	(49, 13, 8, NULL, NULL),
	(50, 14, 8, NULL, NULL),
	(51, 16, 8, NULL, NULL),
	(52, 19, 8, NULL, NULL),
	(53, 20, 8, NULL, NULL),
	(54, 15, 8, NULL, NULL),
	(55, 17, 8, NULL, NULL),
	(56, 18, 8, NULL, NULL),
	(57, 3, 8, NULL, NULL),
	(58, 3, 2, NULL, NULL),
	(59, 6, 8, NULL, NULL),
	(60, 1, 11, NULL, NULL),
	(61, 2, 11, NULL, NULL),
	(62, 3, 11, NULL, NULL),
	(63, 4, 11, NULL, NULL),
	(64, 5, 11, NULL, NULL),
	(65, 6, 11, NULL, NULL),
	(66, 8, 11, NULL, NULL),
	(67, 9, 11, NULL, NULL),
	(68, 10, 11, NULL, NULL),
	(69, 11, 11, NULL, NULL),
	(70, 12, 11, NULL, NULL),
	(71, 13, 11, NULL, NULL),
	(72, 14, 11, NULL, NULL),
	(73, 15, 11, NULL, NULL),
	(74, 20, 11, NULL, NULL),
	(75, 19, 11, NULL, NULL),
	(76, 18, 11, NULL, NULL),
	(77, 16, 11, NULL, NULL),
	(78, 17, 11, NULL, NULL),
	(79, 1, 12, NULL, NULL),
	(80, 1, 13, NULL, NULL),
	(81, 1, 14, NULL, NULL),
	(82, 1, 15, NULL, NULL),
	(83, 6, 9, NULL, NULL),
	(84, 6, 6, NULL, NULL),
	(85, 6, 10, NULL, NULL);

-- Dumping structure for table jarti.sessions
CREATE TABLE IF NOT EXISTS `sessions` (
  `id` varchar(255) CHARACTER SET utf8mb4 COLLATE utf8mb4_unicode_ci NOT NULL,
  `user_id` bigint unsigned DEFAULT NULL,
  `ip_address` varchar(45) CHARACTER SET utf8mb4 COLLATE utf8mb4_unicode_ci DEFAULT NULL,
  `user_agent` text CHARACTER SET utf8mb4 COLLATE utf8mb4_unicode_ci,
  `payload` longtext CHARACTER SET utf8mb4 COLLATE utf8mb4_unicode_ci NOT NULL,
  `last_activity` int NOT NULL,
  PRIMARY KEY (`id`) USING BTREE,
  KEY `sessions_user_id_index` (`user_id`) USING BTREE,
  KEY `sessions_last_activity_index` (`last_activity`) USING BTREE
) ENGINE=InnoDB DEFAULT CHARSET=utf8mb4 COLLATE=utf8mb4_unicode_ci ROW_FORMAT=DYNAMIC;

-- Dumping data for table jarti.sessions: ~6 rows (approximately)
DELETE FROM `sessions`;
INSERT INTO `sessions` (`id`, `user_id`, `ip_address`, `user_agent`, `payload`, `last_activity`) VALUES
	('e1O2255jZ1bWELMbOp0zBl459lOZARXvurIL8rBa', NULL, '10.28.38.127', 'Mozilla/5.0 (Windows NT 10.0; Win64; x64) AppleWebKit/537.36 (KHTML, like Gecko) Chrome/140.0.0.0 Safari/537.36', 'YTozOntzOjY6Il90b2tlbiI7czo0MDoiZVNZNEdhTlpWTzYxZFhsUXRLb2RiNm1BWWU2b2lDRFJWNHZCZjlyQyI7czo5OiJfcHJldmlvdXMiO2E6MTp7czozOiJ1cmwiO3M6Mzc6Imh0dHA6Ly9qYXJ0aS5wbG5iYXRhbS5jb20vYWRtaW4vbG9naW4iO31zOjY6Il9mbGFzaCI7YToyOntzOjM6Im9sZCI7YTowOnt9czozOiJuZXciO2E6MDp7fX19', 1757489967),
	('IlpUplb5FHeiN0fRpTlbXtLQgjLiZFqUKMK8Te68', 59, '10.28.19.109', 'Mozilla/5.0 (Macintosh; Intel Mac OS X 10_15_7) AppleWebKit/537.36 (KHTML, like Gecko) Chrome/139.0.0.0 Safari/537.36', 'YTo2OntzOjY6Il90b2tlbiI7czo0MDoiajFVYmM0RWtFejRIQnFVZ1ZlVG1HeTc0b05JUHpmeXRYYkpnYkE1RCI7czo2OiJfZmxhc2giO2E6Mjp7czozOiJvbGQiO2E6MDp7fXM6MzoibmV3IjthOjA6e319czo5OiJfcHJldmlvdXMiO2E6MTp7czozOiJ1cmwiO3M6Mzk6Imh0dHA6Ly9qYXJ0aS5wbG5iYXRhbS5jb20vYWRtaW4vcGVybWl0cyI7fXM6NTA6ImxvZ2luX3dlYl81OWJhMzZhZGRjMmIyZjk0MDE1ODBmMDE0YzdmNThlYTRlMzA5ODlkIjtpOjU5O3M6MTc6InBhc3N3b3JkX2hhc2hfd2ViIjtzOjYwOiIkMnkkMTIkQmR4dVBRSTkyOGYyMmZWdkVrUXNqLmVFREVKZGIvczJBQ0pGQ2hxZ1RYZU1iYmtjWVZaV3EiO3M6ODoiZmlsYW1lbnQiO2E6MDp7fX0=', 1757489997),
	('lCnE0pkhiC7zREL1PuZfMedc028X5MnRSDofbAhL', 59, '127.0.0.1', 'Mozilla/5.0 (Windows NT 10.0; Win64; x64) AppleWebKit/537.36 (KHTML, like Gecko) Chrome/140.0.0.0 Safari/537.36', 'YTo2OntzOjY6Il90b2tlbiI7czo0MDoiNmttSmJPRURBemRLNExFWHpOOFdjdjJLNFEzTFVmeXM3UnJQRzBQdCI7czozOiJ1cmwiO2E6MDp7fXM6OToiX3ByZXZpb3VzIjthOjE6e3M6MzoidXJsIjtzOjM2OiJodHRwOi8vamFydGkudGVzdC9hZG1pbi9yb2xlcy8xL2VkaXQiO31zOjY6Il9mbGFzaCI7YToyOntzOjM6Im9sZCI7YTowOnt9czozOiJuZXciO2E6MDp7fX1zOjUwOiJsb2dpbl93ZWJfNTliYTM2YWRkYzJiMmY5NDAxNTgwZjAxNGM3ZjU4ZWE0ZTMwOTg5ZCI7aTo1OTtzOjE3OiJwYXNzd29yZF9oYXNoX3dlYiI7czo2MDoiJDJ5JDEyJEJkeHVQUUk5MjhmMjJmVnZFa1Fzai5lRURFSmRiL3MyQUNKRkNocWdUWGVNYmJrY1lWWldxIjt9', 1758167014),
	('LLlHiEJ0NuSfks44kt9wSXezEKBEiB3y8QVP1e2i', 12, '10.28.38.66', 'Mozilla/5.0 (Windows NT 10.0; Win64; x64) AppleWebKit/537.36 (KHTML, like Gecko) Chrome/140.0.0.0 Safari/537.36 Edg/140.0.0.0', 'YTo2OntzOjY6Il90b2tlbiI7czo0MDoiSlR0Q1NLbHBta0lXUHBBRjA4Q1hFdkVJY0QxSjMyYWhnUXp4SkxxVSI7czo1MDoibG9naW5fd2ViXzU5YmEzNmFkZGMyYjJmOTQwMTU4MGYwMTRjN2Y1OGVhNGUzMDk4OWQiO2k6MTI7czoxNzoicGFzc3dvcmRfaGFzaF93ZWIiO3M6NjA6IiQyeSQxMiQuaDgzbUxqTXE1Ujlnd3o1WE5OOHJlbzNiNkNjeHpSR2l5R1dMRTkycjY2eWJYVVlRb3dXaSI7czo5OiJfcHJldmlvdXMiO2E6MTp7czozOiJ1cmwiO3M6NDA6Imh0dHA6Ly9qYXJ0aS5wbG5iYXRhbS5jb20vYWRtaW4vY29udGVudHMiO31zOjY6Il9mbGFzaCI7YToyOntzOjM6Im9sZCI7YTowOnt9czozOiJuZXciO2E6MDp7fX1zOjg6ImZpbGFtZW50IjthOjA6e319', 1757488733),
	('mZBAH9VZ8z3t3DFY7DNzDxlVFd8PPuGJQ66Ka5K8', 1, '10.28.43.229', 'Mozilla/5.0 (Windows NT 10.0; Win64; x64) AppleWebKit/537.36 (KHTML, like Gecko) Chrome/139.0.0.0 Safari/537.36', 'YTo3OntzOjY6Il90b2tlbiI7czo0MDoiRGFpV2Q1M1E3SzVKVFJjcFFWZVdBS09VeHRaRjhPb2o5RDBJNjlqSSI7czo2OiJfZmxhc2giO2E6Mjp7czozOiJvbGQiO2E6MDp7fXM6MzoibmV3IjthOjA6e319czo5OiJfcHJldmlvdXMiO2E6MTp7czozOiJ1cmwiO3M6MzE6Imh0dHA6Ly9qYXJ0aS5wbG5iYXRhbS5jb20vYWRtaW4iO31zOjUwOiJsb2dpbl93ZWJfNTliYTM2YWRkYzJiMmY5NDAxNTgwZjAxNGM3ZjU4ZWE0ZTMwOTg5ZCI7aToxO3M6MTc6InBhc3N3b3JkX2hhc2hfd2ViIjtzOjYwOiIkMnkkMTIkV2lnVHpqWnNKVHJlN3d6YXF5QUoxZTk5ZlRIRzlWRkhabkl0U0FuZGxWdHdGVEpxZ2dJR2UiO3M6ODoiZmlsYW1lbnQiO2E6MDp7fXM6NjoidGFibGVzIjthOjI6e3M6NDE6ImVjNmExMzgzZmRlMGM5MTI1MzdlYjE3NzIxYmU1ODQ2X3Blcl9wYWdlIjtzOjI6IjUwIjtzOjQxOiJhMTAxMjMwZWRmNTE3MGNjYTkyYmNlYjdmOTdmMzIwMV9wZXJfcGFnZSI7czozOiJhbGwiO319', 1757494702),
	('nkzZls3p92JWL1i5rzcZ4vtHtrRl3uUU8CrHdoNP', 11, '10.28.42.82', 'Mozilla/5.0 (Windows NT 10.0; Win64; x64) AppleWebKit/537.36 (KHTML, like Gecko) Chrome/138.0.0.0 Safari/537.36', 'YTo2OntzOjY6Il90b2tlbiI7czo0MDoiVHJnMFJXRmxDbWFMVTNDYXFhT09QNGxMUnRua001ZWFHQ1dLeldQaiI7czo5OiJfcHJldmlvdXMiO2E6MTp7czozOiJ1cmwiO3M6NDE6Imh0dHA6Ly9qYXJ0aS5wbG5iYXRhbS5jb20vYWRtaW4vYWt0aXZhc2lzIjt9czo2OiJfZmxhc2giO2E6Mjp7czozOiJvbGQiO2E6MDp7fXM6MzoibmV3IjthOjA6e319czozOiJ1cmwiO2E6MDp7fXM6NTA6ImxvZ2luX3dlYl81OWJhMzZhZGRjMmIyZjk0MDE1ODBmMDE0YzdmNThlYTRlMzA5ODlkIjtpOjExO3M6MTc6InBhc3N3b3JkX2hhc2hfd2ViIjtzOjYwOiIkMnkkMTIkZi9rZHlFamhvOTJmdS5YS3lBMjdPT2cvVmlIMGQyNVpyR2hWajA3WnFIa1VQVHBqSTZiWXEiO30=', 1757488626);

-- Dumping structure for table jarti.substations
CREATE TABLE IF NOT EXISTS `substations` (
  `substation_id` bigint unsigned NOT NULL AUTO_INCREMENT,
  `substation_name` varchar(255) CHARACTER SET utf8mb4 COLLATE utf8mb4_unicode_ci DEFAULT NULL,
  `substation_feeder` varchar(255) CHARACTER SET utf8mb4 COLLATE utf8mb4_unicode_ci DEFAULT NULL,
  `substation_motorized` varchar(255) CHARACTER SET utf8mb4 COLLATE utf8mb4_unicode_ci DEFAULT NULL,
  `substation_jarkom` varchar(255) CHARACTER SET utf8mb4 COLLATE utf8mb4_unicode_ci DEFAULT NULL,
  `substation_priority` varchar(255) CHARACTER SET utf8mb4 COLLATE utf8mb4_unicode_ci DEFAULT NULL,
  `substation_fo` varchar(255) CHARACTER SET utf8mb4 COLLATE utf8mb4_unicode_ci DEFAULT NULL,
  `substation_terdekat` varchar(255) CHARACTER SET utf8mb4 COLLATE utf8mb4_unicode_ci DEFAULT NULL,
  `substation_cable_fa` varchar(255) CHARACTER SET utf8mb4 COLLATE utf8mb4_unicode_ci DEFAULT NULL,
  `substation_cable_fig` varchar(255) CHARACTER SET utf8mb4 COLLATE utf8mb4_unicode_ci DEFAULT NULL,
  `substation_petik_core` varchar(255) CHARACTER SET utf8mb4 COLLATE utf8mb4_unicode_ci DEFAULT NULL,
  `substation_work` varchar(255) CHARACTER SET utf8mb4 COLLATE utf8mb4_unicode_ci DEFAULT NULL,
  `substation_rab` varchar(255) CHARACTER SET utf8mb4 COLLATE utf8mb4_unicode_ci DEFAULT NULL,
  `substation_licensing` varchar(255) CHARACTER SET utf8mb4 COLLATE utf8mb4_unicode_ci DEFAULT NULL,
  `substation_periode` date DEFAULT NULL,
  `substation_info` text CHARACTER SET utf8mb4 COLLATE utf8mb4_unicode_ci,
  `substation_status` varchar(255) CHARACTER SET utf8mb4 COLLATE utf8mb4_unicode_ci NOT NULL DEFAULT '0',
  `created_at` timestamp NULL DEFAULT NULL,
  `updated_at` timestamp NULL DEFAULT NULL,
  `deleted_at` timestamp NULL DEFAULT NULL,
  `user_id` bigint unsigned DEFAULT NULL,
  `pop_id` bigint unsigned DEFAULT NULL,
  `substation_material` bigint DEFAULT NULL,
  `substation_jasa` bigint DEFAULT NULL,
  PRIMARY KEY (`substation_id`) USING BTREE,
  KEY `substations_user_id_foreign` (`user_id`) USING BTREE,
  KEY `substations_pop_id_foreign` (`pop_id`) USING BTREE,
  CONSTRAINT `substations_pop_id_foreign` FOREIGN KEY (`pop_id`) REFERENCES `pops` (`pop_id`) ON DELETE CASCADE ON UPDATE RESTRICT,
  CONSTRAINT `substations_user_id_foreign` FOREIGN KEY (`user_id`) REFERENCES `users` (`user_id`) ON DELETE CASCADE ON UPDATE RESTRICT
) ENGINE=InnoDB AUTO_INCREMENT=759 DEFAULT CHARSET=utf8mb4 COLLATE=utf8mb4_unicode_ci ROW_FORMAT=DYNAMIC;

-- Dumping data for table jarti.substations: ~722 rows (approximately)
DELETE FROM `substations`;
INSERT INTO `substations` (`substation_id`, `substation_name`, `substation_feeder`, `substation_motorized`, `substation_jarkom`, `substation_priority`, `substation_fo`, `substation_terdekat`, `substation_cable_fa`, `substation_cable_fig`, `substation_petik_core`, `substation_work`, `substation_rab`, `substation_licensing`, `substation_periode`, `substation_info`, `substation_status`, `created_at`, `updated_at`, `deleted_at`, `user_id`, `pop_id`, `substation_material`, `substation_jasa`) VALUES
	(1, 'Glory Tanjung Riau', 'Setokok', 'ADA', 'NA', 'Prioritas 2', '', '', '', '', '', '', '', '', '1999-01-01', 'CEK PERANGKAT', 'ADA', '2025-08-18 04:24:51', '2025-08-18 04:25:16', '2025-08-18 04:26:43', NULL, NULL, NULL, NULL),
	(3, 'Test Gardu', 'as', 'as', 'as', '1.2', NULL, '-', NULL, NULL, NULL, NULL, NULL, NULL, NULL, NULL, '1', '2025-08-15 02:34:02', '2025-08-18 19:14:20', '2025-08-18 19:14:20', NULL, NULL, NULL, NULL),
	(4, 'Test Gardu', 'as', NULL, NULL, NULL, 'as', '-', 'as', 'as', 'as', '30 Hari', '123123', 'RT/RW', '2025-08-14', '<p>test info aja</p>', '1', '2025-08-15 02:35:03', '2025-08-18 19:14:27', '2025-08-18 19:14:27', 1, 25, NULL, NULL),
	(5, 'Test Gardu', '-', NULL, NULL, NULL, '-', '-', '-', '-', '-', '60 hari kerja', '12345678', '', '2025-08-15', '<p>test</p>', '1', '2025-08-15 03:28:52', '2025-08-18 19:14:35', '2025-08-18 19:14:35', 2, 1, NULL, NULL),
	(6, 'Glory Tanjung Riau', 'Setokok', 'ADA', 'NA', '2', NULL, '-', NULL, NULL, NULL, NULL, NULL, '', NULL, NULL, '0', '2025-08-18 19:05:36', '2025-08-18 20:56:04', NULL, 2, NULL, NULL, NULL),
	(7, 'GH Harbourbay', '-', 'NA', 'NA', '3.12', 'a', '-', 'a', 'a', 'a', '30', '10000000', '', '2025-08-21', NULL, '0', '2025-08-18 19:07:53', '2025-08-20 18:34:16', NULL, 2, 1, NULL, NULL),
	(8, 'Nongsa Green City 3', 'Merah', 'ADA', 'NA', '2', NULL, '-', NULL, NULL, NULL, NULL, NULL, 'Kawasan,RT/RW,BP Batam', '2025-08-21', NULL, '0', '2025-08-18 19:09:00', '2025-08-20 19:19:45', NULL, 2, 29, NULL, NULL),
	(9, 'Hiasindah Bangun Jaya', 'Seraya', 'NA', 'NA', '3.22', NULL, '-', NULL, NULL, NULL, NULL, NULL, NULL, NULL, NULL, '0', '2025-08-18 19:10:47', '2025-08-18 19:10:47', NULL, NULL, NULL, NULL, NULL),
	(10, 'Musim Mas 4', 'Tumenggung Abdul Jamal', 'NA', 'NA', '3.23', 'a', '-', 'a', 'a', 'a', '12', '1000', 'RT/RW,Kawasan,BP Batam', '2025-08-13', '<p>contoh</p>', '0', '2025-08-18 19:11:37', '2025-08-20 20:04:49', NULL, 10, 25, NULL, NULL),
	(11, 'PT Best Eternity', 'Bromo', 'NA', 'NA', '3.24', NULL, '-', NULL, NULL, NULL, NULL, NULL, NULL, NULL, NULL, '0', '2025-08-18 19:12:12', '2025-08-18 19:12:12', NULL, NULL, NULL, NULL, NULL),
	(12, 'Kampus ITEBA', 'Seroja', 'NA', 'NA', '3.25', NULL, '-', NULL, NULL, NULL, NULL, NULL, NULL, NULL, NULL, '0', '2025-08-18 19:12:30', '2025-08-18 19:12:30', NULL, NULL, NULL, NULL, NULL),
	(13, 'PT Industri Pipa Indonesia', 'Badak', 'NA', 'NA', '3.26', NULL, '-', NULL, NULL, NULL, NULL, NULL, NULL, NULL, NULL, '0', '2025-08-18 19:13:12', '2025-08-18 19:13:12', NULL, NULL, NULL, NULL, NULL),
	(14, 'Rusun PUPR', 'Lumba-lumba', 'NA', 'NA', '3.27', NULL, '-', NULL, NULL, NULL, NULL, NULL, NULL, NULL, NULL, '0', '2025-08-18 19:13:35', '2025-08-18 19:13:35', NULL, NULL, NULL, NULL, NULL),
	(15, 'PT Gagas', 'Syarif Kasim', 'NA', 'NA', '3.28', NULL, '-', NULL, NULL, NULL, NULL, NULL, NULL, NULL, NULL, '0', '2025-08-18 19:14:30', '2025-08-18 19:14:30', NULL, NULL, NULL, NULL, NULL),
	(16, 'RSKI Covid', 'Bakau', 'NA', 'NA', '3.29', NULL, '-', NULL, NULL, NULL, NULL, NULL, NULL, NULL, NULL, '0', '2025-08-18 19:14:58', '2025-08-18 19:14:58', NULL, NULL, NULL, NULL, NULL),
	(17, 'Sembilan Endapan', 'Tulip', 'NA', 'NA', '3.30', NULL, '-', NULL, NULL, NULL, NULL, NULL, NULL, NULL, NULL, '0', '2025-08-18 19:15:39', '2025-08-18 19:15:39', NULL, NULL, NULL, NULL, NULL),
	(18, 'Hotel Santika', 'BTC-BRL', 'NA', 'NA', '3.31', NULL, '-', NULL, NULL, NULL, NULL, NULL, NULL, NULL, NULL, '0', '2025-08-18 19:16:44', '2025-08-18 19:16:44', NULL, NULL, NULL, NULL, NULL),
	(19, 'PT AV Plastik', 'Raja Perak', 'NA', 'NA', '3.33', NULL, '-', NULL, NULL, NULL, NULL, NULL, NULL, NULL, NULL, '0', '2025-08-18 19:17:23', '2025-08-18 19:17:23', NULL, NULL, NULL, NULL, NULL),
	(20, 'Hok Seng', 'Raja Perak', 'NA', 'NA', '3.34', NULL, '-', NULL, NULL, NULL, NULL, NULL, NULL, NULL, NULL, '0', '2025-08-18 19:17:44', '2025-08-18 19:17:44', NULL, NULL, NULL, NULL, NULL),
	(21, 'Sang Long', 'Harimamu', 'NA', 'NA', '3.35', NULL, '-', NULL, NULL, NULL, NULL, NULL, NULL, NULL, NULL, '0', '2025-08-18 19:18:07', '2025-08-18 19:18:07', NULL, NULL, NULL, NULL, NULL),
	(22, 'Kantor Otorita', 'Seruni', 'NA', 'NA', '3.36', NULL, '-', NULL, NULL, NULL, NULL, NULL, NULL, NULL, NULL, '0', '2025-08-18 19:18:27', '2025-08-18 19:18:27', NULL, NULL, NULL, NULL, NULL),
	(23, 'One Mall Batam', 'Lavender', 'NA', 'NA', '3.38', NULL, '-', NULL, NULL, NULL, NULL, NULL, NULL, NULL, NULL, '0', '2025-08-18 19:18:52', '2025-08-18 19:18:52', NULL, NULL, NULL, NULL, NULL),
	(24, 'PT Cakra Wisesa Karya Makmur', 'Wijaya Kusuma', 'NA', 'NA', '3.39', NULL, '-', NULL, NULL, NULL, NULL, NULL, NULL, NULL, NULL, '0', '2025-08-18 19:19:24', '2025-08-18 19:20:40', NULL, NULL, NULL, NULL, NULL),
	(25, 'PT Cakra Wisesa Karya Makmur', 'Camelia', 'NA', 'NA', '3.40', NULL, '-', NULL, NULL, NULL, NULL, NULL, NULL, NULL, NULL, '0', '2025-08-18 19:19:47', '2025-08-18 19:20:59', NULL, NULL, NULL, NULL, NULL),
	(26, 'PT Cakra Wisesa Karya Makmur', 'Amarilis', 'NA', 'NA', '3.41', NULL, '-', NULL, NULL, NULL, NULL, NULL, NULL, NULL, NULL, '0', '2025-08-18 19:20:13', '2025-08-18 19:21:08', NULL, NULL, NULL, NULL, NULL),
	(27, 'PT Gajah Izumi Mas', 'Mawar', 'NA', 'NA', '3.5', NULL, '-', NULL, NULL, NULL, NULL, NULL, NULL, NULL, NULL, '0', '2025-08-18 19:21:11', '2025-08-18 19:21:11', NULL, NULL, NULL, NULL, NULL),
	(28, 'MAN IC', 'Merah', 'NA', 'NA', '3.6', NULL, '-', NULL, NULL, NULL, NULL, NULL, NULL, NULL, NULL, '0', '2025-08-18 19:21:28', '2025-08-18 19:21:28', NULL, NULL, NULL, NULL, NULL),
	(29, 'PT Champion Matress', 'Bulan', 'NA', 'NA', '3.7', NULL, '-', NULL, NULL, NULL, NULL, NULL, NULL, NULL, NULL, '0', '2025-08-18 19:22:03', '2025-08-18 19:22:03', NULL, NULL, NULL, NULL, NULL),
	(30, 'Masjid Bandara', 'Hijau', 'NA', 'NA', '3.8', NULL, '-', NULL, NULL, NULL, NULL, NULL, NULL, NULL, NULL, '0', '2025-08-18 19:22:22', '2025-08-18 19:22:22', NULL, NULL, NULL, NULL, NULL),
	(31, 'Bumi Abadi', 'Jerapah', 'NA', 'NA', '3.9', NULL, '-', NULL, NULL, NULL, NULL, NULL, NULL, NULL, NULL, '0', '2025-08-18 19:22:47', '2025-08-18 19:22:47', NULL, NULL, NULL, NULL, NULL),
	(32, 'IDN Solar Horizon', 'Abang', 'NA', 'NA', '3.10', NULL, '-', NULL, NULL, NULL, NULL, NULL, NULL, NULL, NULL, '0', '2025-08-18 19:23:08', '2025-08-18 19:23:08', NULL, NULL, NULL, NULL, NULL),
	(33, 'GH Horizon', '-', 'NA', 'NA', '3.11', NULL, '-', NULL, NULL, NULL, NULL, NULL, NULL, NULL, NULL, '0', '2025-08-18 19:23:51', '2025-08-18 19:23:51', NULL, NULL, NULL, NULL, NULL),
	(34, 'Portable Bahtera Bahari Shipyard 3', 'Harimau', 'NA', 'NA', '3.13', NULL, '-', NULL, NULL, NULL, NULL, NULL, NULL, NULL, NULL, '0', '2025-08-18 19:24:22', '2025-08-18 19:24:22', NULL, NULL, NULL, NULL, NULL),
	(35, 'Bendungan Sei Gong', 'Bakau', 'NA', 'NA', '3.14', NULL, '-', NULL, NULL, NULL, NULL, NULL, NULL, NULL, NULL, '0', '2025-08-18 19:24:48', '2025-08-18 19:24:48', NULL, NULL, NULL, NULL, NULL),
	(36, 'PT De Hong ', 'Pemping', 'NA', 'NA', '3.16', NULL, '-', NULL, NULL, NULL, NULL, NULL, NULL, NULL, NULL, '0', '2025-08-18 19:25:10', '2025-08-18 19:25:10', NULL, NULL, NULL, NULL, NULL),
	(37, 'Union Batam Abadi', 'Sedap Malam', 'NA', 'NA', '3.17', NULL, '-', NULL, NULL, NULL, NULL, NULL, NULL, NULL, NULL, '0', '2025-08-18 19:25:35', '2025-08-18 19:25:35', NULL, NULL, NULL, NULL, NULL),
	(38, 'Cipta Persada Mulia', 'Ngenang', 'NA', 'NA', '3.18', NULL, '-', NULL, NULL, NULL, NULL, NULL, NULL, NULL, NULL, '0', '2025-08-18 19:26:17', '2025-08-18 19:26:17', NULL, NULL, NULL, NULL, NULL),
	(39, 'Batam Kuarsa Industri', 'TOYOshima-Suar', 'NA', 'NA', '3.19', NULL, '-', NULL, NULL, NULL, NULL, NULL, NULL, NULL, NULL, '0', '2025-08-18 19:26:46', '2025-08-18 19:26:46', NULL, NULL, NULL, NULL, NULL),
	(40, 'Energi Unggul', 'Tumenggung Abdul Jamal', 'NA', 'NA', '3.20', NULL, '-', NULL, NULL, NULL, NULL, NULL, NULL, NULL, NULL, '0', '2025-08-18 19:27:16', '2025-08-18 19:27:16', NULL, NULL, NULL, NULL, NULL),
	(41, 'Sefong Industri 2', 'Semangka', 'NA', 'NA', '3.21', NULL, '-', NULL, NULL, NULL, NULL, NULL, NULL, NULL, NULL, '0', '2025-08-18 19:27:45', '2025-08-18 19:27:45', NULL, NULL, NULL, NULL, NULL),
	(42, 'Ruko Mitra Jaya', 'Anyelir', 'ADA', 'NA', '2', NULL, '-', NULL, NULL, NULL, NULL, NULL, NULL, NULL, NULL, '0', '2025-08-18 19:28:14', '2025-08-18 19:28:14', NULL, NULL, NULL, NULL, NULL),
	(43, 'Gereja Reformed', 'Mawar', 'ADA', 'NA', '2', NULL, '-', NULL, NULL, NULL, NULL, NULL, NULL, NULL, NULL, '0', '2025-08-18 19:28:38', '2025-08-18 19:28:38', NULL, NULL, NULL, NULL, NULL),
	(44, 'Ansley View', 'Hang Lekir', 'ADA ', 'NA', '2', NULL, '-', NULL, NULL, NULL, NULL, NULL, NULL, NULL, NULL, '0', '2025-08-18 19:29:18', '2025-08-18 19:29:18', NULL, NULL, NULL, NULL, NULL),
	(45, 'Azure Bay', 'Matahari', 'ADA', 'NA', '2', NULL, '-', NULL, NULL, NULL, NULL, NULL, NULL, NULL, NULL, '0', '2025-08-18 19:29:44', '2025-08-18 19:29:44', NULL, NULL, NULL, NULL, NULL),
	(46, 'Kav Sambau 2/ Kav Nongsa 2', 'Hijau', 'ADA', 'NA', '2', NULL, '-', NULL, NULL, NULL, NULL, NULL, NULL, NULL, NULL, '0', '2025-08-18 19:30:05', '2025-08-18 19:30:05', NULL, NULL, NULL, NULL, NULL),
	(47, 'Simpang dapur 6', 'Bakau', 'ADA ', 'NA', '2', NULL, '-', NULL, NULL, NULL, NULL, NULL, NULL, NULL, NULL, '0', '2025-08-18 19:30:30', '2025-08-18 19:30:30', NULL, NULL, NULL, NULL, NULL),
	(48, 'Oleana Park Blok B', 'Tenggiri', 'ADA ', 'NA', '2', NULL, '-', NULL, NULL, NULL, NULL, NULL, NULL, NULL, NULL, '0', '2025-08-18 19:30:52', '2025-08-18 19:30:52', NULL, NULL, NULL, NULL, NULL),
	(49, 'PT Maruwa', 'Maruwa', 'NA', 'NA', '3.1', NULL, '-', NULL, NULL, NULL, NULL, NULL, NULL, NULL, NULL, '0', '2025-08-18 19:31:21', '2025-08-18 19:31:21', NULL, NULL, NULL, NULL, NULL),
	(50, 'Central Package & Royce', 'Toyoshima-SUTM Batu Besar', 'NA', 'NA', '3.2', NULL, '-', NULL, NULL, NULL, NULL, NULL, NULL, NULL, NULL, '0', '2025-08-18 19:31:44', '2025-08-18 19:31:44', NULL, NULL, NULL, NULL, NULL),
	(51, 'ATB Nongsa', 'Hijau', 'NA', 'NA', '3.3', NULL, '-', NULL, NULL, NULL, NULL, NULL, NULL, NULL, NULL, '0', '2025-08-18 19:32:08', '2025-08-18 19:32:08', NULL, NULL, NULL, NULL, NULL),
	(52, 'Amtek 2', 'Mawar', 'NA', 'NA', '3.4', NULL, '-', NULL, NULL, NULL, NULL, NULL, NULL, NULL, NULL, '0', '2025-08-18 19:32:41', '2025-08-18 19:32:41', NULL, NULL, NULL, NULL, NULL),
	(53, 'Amtek 2', 'Mawar', 'NA', 'NA', '3.4', NULL, '-', NULL, NULL, NULL, NULL, NULL, NULL, NULL, NULL, '0', '2025-08-18 19:33:03', '2025-08-18 19:33:03', NULL, NULL, NULL, NULL, NULL),
	(54, 'Fujitech Industry', 'Nusa Indah', 'NA', 'NA', '3.15', NULL, '-', NULL, NULL, NULL, NULL, NULL, NULL, NULL, NULL, '0', '2025-08-18 19:33:28', '2025-08-18 19:33:28', NULL, NULL, NULL, NULL, NULL),
	(55, 'PT Indostar Bulkbags Technology', 'Bintang', 'NA', 'NA', '3.32', NULL, '-', NULL, NULL, NULL, NULL, NULL, NULL, NULL, NULL, '0', '2025-08-18 19:33:55', '2025-08-18 19:33:55', NULL, NULL, NULL, NULL, NULL),
	(56, 'Bank Indonesia', 'Syarif Kasim', 'NA', 'NA', '3.37', NULL, '-', NULL, NULL, NULL, NULL, NULL, NULL, NULL, NULL, '0', '2025-08-18 19:34:13', '2025-08-18 19:34:13', NULL, NULL, NULL, NULL, NULL),
	(57, 'GH NDP A', '-', '-', '-', '0', NULL, '-', NULL, NULL, NULL, NULL, NULL, NULL, NULL, NULL, '0', '2025-08-18 19:34:31', '2025-08-18 19:34:31', NULL, NULL, NULL, NULL, NULL),
	(58, 'GH NDP B', '-', '-', '-', '0', NULL, '-', NULL, NULL, NULL, NULL, NULL, NULL, NULL, NULL, '0', '2025-08-18 19:34:43', '2025-08-18 19:34:43', NULL, NULL, NULL, NULL, NULL),
	(59, 'GH BARELANG', '-', '-', '-', '0', NULL, '-', NULL, NULL, NULL, NULL, NULL, NULL, NULL, NULL, '0', '2025-08-18 19:34:55', '2025-08-18 19:34:55', NULL, NULL, NULL, NULL, NULL),
	(60, 'GT PONDOK BUKIT BALERANG', '-', '-', '-', '0', NULL, '-', NULL, NULL, NULL, NULL, NULL, NULL, NULL, NULL, '0', '2025-08-18 19:35:08', '2025-08-18 19:35:08', NULL, NULL, NULL, NULL, NULL),
	(61, 'GT BUANA CENTRAL PARK 2', '-', '-', '-', '0', NULL, '-', NULL, NULL, NULL, NULL, NULL, NULL, NULL, NULL, '0', '2025-08-18 19:35:23', '2025-08-18 19:35:23', NULL, NULL, NULL, NULL, NULL),
	(62, 'GH BENGKOKNG LAUT', '-', '-', '-', '0', NULL, '-', NULL, NULL, NULL, NULL, NULL, NULL, NULL, NULL, '0', '2025-08-18 19:35:34', '2025-08-18 19:35:34', NULL, NULL, NULL, NULL, NULL),
	(63, 'GD GRAND AVENUE PARK ( AKS.NUS.137 )', '-', '-', '-', '0', NULL, '-', NULL, NULL, NULL, NULL, NULL, NULL, NULL, NULL, '0', '2025-08-18 19:35:58', '2025-08-18 19:35:58', NULL, NULL, NULL, NULL, NULL),
	(64, 'GD AIRIS TIBAN', '-', '-', '-', '0', NULL, '-', NULL, NULL, NULL, NULL, NULL, NULL, NULL, NULL, '0', '2025-08-18 19:36:08', '2025-08-18 19:36:08', NULL, NULL, NULL, NULL, NULL),
	(65, 'GD CEMARA ASRI BATU AJI', '-', '-', '-', '0', NULL, '-', NULL, NULL, NULL, NULL, NULL, NULL, NULL, NULL, '0', '2025-08-18 19:36:21', '2025-08-18 19:36:21', NULL, NULL, NULL, NULL, NULL),
	(66, 'GH Harbourbay', 'test', NULL, NULL, NULL, '-', '-', '-', '-', '-', '60 hari kerja', '456787634564', 'Kawasan', '2025-08-19', NULL, '0', '2025-08-18 20:50:50', '2025-08-18 20:51:20', '2025-08-18 20:51:20', 2, NULL, NULL, NULL),
	(67, 'GH Harbourbay', 'test', NULL, NULL, NULL, '-', '-', '-', '-', '-', '60 hari kerja', '456787634564', 'Kawasan', '2025-08-19', NULL, '0', '2025-08-18 20:51:01', '2025-08-18 20:51:16', '2025-08-18 20:51:16', 2, NULL, NULL, NULL),
	(68, 'KANTOR PELAYANAN  PT PLN', NULL, NULL, NULL, NULL, NULL, NULL, NULL, NULL, NULL, NULL, NULL, '', NULL, NULL, '1', '2025-08-24 20:13:25', '2025-08-24 20:40:05', NULL, 2, NULL, NULL, NULL),
	(69, 'SEKOLAH GLOBAL', NULL, NULL, NULL, NULL, NULL, NULL, NULL, NULL, NULL, NULL, NULL, '', NULL, NULL, '1', '2025-08-24 20:13:37', '2025-08-24 20:41:09', NULL, 2, NULL, NULL, NULL),
	(70, 'QUEEN VICTORIA', NULL, NULL, NULL, NULL, NULL, NULL, NULL, NULL, NULL, NULL, NULL, '', NULL, NULL, '1', '2025-08-24 20:13:44', '2025-08-24 20:41:46', NULL, 2, NULL, NULL, NULL),
	(71, 'GD KANTOR KEJAKSAAN', NULL, NULL, NULL, NULL, NULL, NULL, NULL, NULL, NULL, NULL, NULL, '', NULL, NULL, '0', '2025-08-24 20:13:53', '2025-08-24 20:42:14', NULL, 2, NULL, NULL, NULL),
	(72, 'DISPENDA', NULL, NULL, NULL, NULL, NULL, NULL, NULL, NULL, NULL, NULL, NULL, '', NULL, NULL, '0', '2025-08-24 20:14:00', '2025-08-24 20:42:46', NULL, 2, NULL, NULL, NULL),
	(108, 'GRAHA NUSA PERMAI', NULL, NULL, NULL, NULL, NULL, NULL, NULL, NULL, NULL, NULL, NULL, NULL, NULL, NULL, '0', '2025-08-24 20:19:39', '2025-08-24 20:19:39', NULL, NULL, NULL, NULL, NULL),
	(109, 'Pr ORCHID PARK 1', NULL, NULL, NULL, NULL, NULL, NULL, NULL, NULL, NULL, NULL, NULL, NULL, NULL, NULL, '0', '2025-08-24 20:19:45', '2025-08-24 20:19:45', NULL, NULL, NULL, NULL, NULL),
	(110, 'SIMPANG TOTAL 2', NULL, NULL, NULL, NULL, NULL, NULL, NULL, NULL, NULL, NULL, NULL, NULL, NULL, NULL, '0', '2025-08-24 20:20:03', '2025-08-24 20:20:03', NULL, NULL, NULL, NULL, NULL),
	(111, 'PERUM MARINA PARK', NULL, NULL, NULL, NULL, NULL, NULL, NULL, NULL, NULL, NULL, NULL, NULL, NULL, NULL, '0', '2025-08-24 20:20:07', '2025-08-24 20:20:07', NULL, NULL, NULL, NULL, NULL),
	(112, 'CLUB HOUSE', NULL, NULL, NULL, NULL, NULL, NULL, NULL, NULL, NULL, NULL, NULL, NULL, NULL, NULL, '0', '2025-08-24 20:20:19', '2025-08-24 20:20:19', NULL, NULL, NULL, NULL, NULL),
	(113, 'Pr ORCHID PARK 2', NULL, NULL, NULL, NULL, NULL, NULL, NULL, NULL, NULL, NULL, NULL, NULL, NULL, NULL, '0', '2025-08-24 20:21:42', '2025-08-24 20:21:42', NULL, NULL, NULL, NULL, NULL),
	(114, 'PIPA MAS PUTIH', NULL, NULL, NULL, NULL, NULL, NULL, NULL, NULL, NULL, NULL, NULL, NULL, NULL, NULL, '0', '2025-08-24 20:21:46', '2025-08-24 20:21:46', NULL, NULL, NULL, NULL, NULL),
	(115, 'SIMPANG TOTAL 1', NULL, NULL, NULL, NULL, NULL, NULL, NULL, NULL, NULL, NULL, NULL, NULL, NULL, NULL, '0', '2025-08-24 20:21:50', '2025-08-24 20:21:50', NULL, NULL, NULL, NULL, NULL),
	(116, 'EXECUTIVE INDUSTRIAL BATAM CENTER', NULL, NULL, NULL, NULL, NULL, NULL, NULL, NULL, NULL, NULL, NULL, NULL, NULL, NULL, '1', '2025-08-24 20:21:58', '2025-08-24 20:21:58', NULL, NULL, NULL, NULL, NULL),
	(117, 'CLUB HOUSE', NULL, NULL, NULL, NULL, NULL, NULL, NULL, NULL, NULL, NULL, NULL, NULL, NULL, NULL, '0', '2025-08-24 20:25:06', '2025-08-24 20:25:06', NULL, NULL, NULL, NULL, NULL),
	(118, 'ANGGREK MAS 2', NULL, NULL, NULL, NULL, NULL, NULL, NULL, NULL, NULL, NULL, NULL, NULL, NULL, NULL, '1', '2025-08-24 20:25:11', '2025-08-24 20:25:11', NULL, NULL, NULL, NULL, NULL),
	(119, 'PALM SPRING', NULL, NULL, NULL, NULL, NULL, NULL, NULL, NULL, NULL, NULL, NULL, NULL, NULL, NULL, '0', '2025-08-24 20:25:16', '2025-08-24 20:25:16', NULL, NULL, NULL, NULL, NULL),
	(120, 'RUKO PALM SPRING GELAEL', NULL, NULL, NULL, NULL, NULL, NULL, NULL, NULL, NULL, NULL, NULL, NULL, NULL, NULL, '0', '2025-08-24 20:25:20', '2025-08-24 20:25:20', NULL, NULL, NULL, NULL, NULL),
	(121, '\'JASA MARINDO', NULL, NULL, NULL, NULL, NULL, NULL, NULL, NULL, NULL, NULL, NULL, NULL, NULL, NULL, '0', '2025-08-24 20:25:30', '2025-08-24 20:25:30', NULL, NULL, NULL, NULL, NULL),
	(122, '\'SIMPANG SAMYONG', NULL, NULL, NULL, NULL, NULL, NULL, NULL, NULL, NULL, NULL, NULL, NULL, NULL, NULL, '0', '2025-08-24 20:25:36', '2025-08-24 20:25:36', NULL, NULL, NULL, NULL, NULL),
	(123, '\'CAHAYA GARDEN 2', NULL, NULL, NULL, NULL, NULL, NULL, NULL, NULL, NULL, NULL, NULL, NULL, NULL, NULL, '0', '2025-08-24 20:25:41', '2025-08-24 20:25:41', NULL, NULL, NULL, NULL, NULL),
	(124, 'GOLDEN GATE', NULL, NULL, NULL, NULL, NULL, NULL, NULL, NULL, NULL, NULL, NULL, NULL, NULL, NULL, '0', '2025-08-24 20:25:46', '2025-08-24 20:25:46', NULL, NULL, NULL, NULL, NULL),
	(125, 'PERUM KINTAMANI', NULL, NULL, NULL, NULL, NULL, NULL, NULL, NULL, NULL, NULL, NULL, NULL, NULL, NULL, '0', '2025-08-24 20:25:51', '2025-08-24 20:25:51', NULL, NULL, NULL, NULL, NULL),
	(126, 'GD AVIARI TR', NULL, NULL, NULL, NULL, NULL, NULL, NULL, NULL, NULL, NULL, NULL, NULL, NULL, NULL, '0', '2025-08-24 20:25:56', '2025-08-24 20:25:56', NULL, NULL, NULL, NULL, NULL),
	(127, 'SMKN 2', NULL, NULL, NULL, NULL, NULL, NULL, NULL, NULL, NULL, NULL, NULL, NULL, NULL, NULL, '0', '2025-08-24 20:26:00', '2025-08-24 20:26:00', NULL, NULL, NULL, NULL, NULL),
	(128, 'SUKAJADI SEKTOR 6', NULL, NULL, NULL, NULL, NULL, NULL, NULL, NULL, NULL, NULL, NULL, NULL, NULL, NULL, '0', '2025-08-24 20:26:12', '2025-08-24 20:26:12', NULL, NULL, NULL, NULL, NULL),
	(129, 'TAMAN BUANA', NULL, NULL, NULL, NULL, NULL, NULL, NULL, NULL, NULL, NULL, NULL, NULL, NULL, NULL, '0', '2025-08-24 20:26:58', '2025-08-24 20:26:58', NULL, NULL, NULL, NULL, NULL),
	(130, 'PUSKESMAS SEI PANAS', NULL, NULL, NULL, NULL, NULL, NULL, NULL, NULL, NULL, NULL, NULL, NULL, NULL, NULL, '0', '2025-08-24 20:27:02', '2025-08-24 20:27:02', NULL, NULL, NULL, NULL, NULL),
	(131, 'GH MATAHARI', NULL, NULL, NULL, NULL, NULL, NULL, NULL, NULL, NULL, NULL, NULL, NULL, NULL, NULL, '0', '2025-08-24 20:27:06', '2025-08-24 20:27:06', NULL, NULL, NULL, NULL, NULL),
	(132, 'POLITEKNIK 1', NULL, NULL, NULL, NULL, NULL, NULL, NULL, NULL, NULL, NULL, NULL, NULL, NULL, NULL, '1', '2025-08-24 20:27:09', '2025-08-24 20:27:09', NULL, NULL, NULL, NULL, NULL),
	(133, 'KOPKAR PLN', NULL, NULL, NULL, NULL, NULL, NULL, NULL, NULL, NULL, NULL, NULL, NULL, NULL, NULL, '0', '2025-08-24 20:27:13', '2025-08-24 20:27:13', NULL, NULL, NULL, NULL, NULL),
	(134, 'RAMAYANA 1', NULL, NULL, NULL, NULL, NULL, NULL, NULL, NULL, NULL, NULL, NULL, NULL, NULL, NULL, '1', '2025-08-24 20:27:16', '2025-08-24 20:27:16', NULL, NULL, NULL, NULL, NULL),
	(135, 'GREEN GARDEN', NULL, NULL, NULL, NULL, NULL, NULL, NULL, NULL, NULL, NULL, NULL, NULL, NULL, NULL, '0', '2025-08-24 20:27:20', '2025-08-24 20:27:20', NULL, NULL, NULL, NULL, NULL),
	(136, '\'BENGKONG JAYA', NULL, NULL, NULL, NULL, NULL, NULL, NULL, NULL, NULL, NULL, NULL, NULL, NULL, NULL, '0', '2025-08-24 20:27:23', '2025-08-24 20:27:23', NULL, NULL, NULL, NULL, NULL),
	(137, '\'BENGKONG PERMAI', NULL, NULL, NULL, NULL, NULL, NULL, NULL, NULL, NULL, NULL, NULL, NULL, NULL, NULL, '0', '2025-08-24 20:27:28', '2025-08-24 20:27:28', NULL, NULL, NULL, NULL, NULL),
	(138, '\'BENGKONG ABADI', NULL, NULL, NULL, NULL, NULL, NULL, NULL, NULL, NULL, NULL, NULL, NULL, NULL, NULL, '0', '2025-08-24 20:27:32', '2025-08-24 20:27:32', NULL, NULL, NULL, NULL, NULL),
	(139, 'PUSKESMAS SAGULUNG', NULL, NULL, NULL, NULL, NULL, NULL, NULL, NULL, NULL, NULL, NULL, NULL, NULL, NULL, '0', '2025-08-24 20:27:35', '2025-08-24 20:27:35', NULL, NULL, NULL, NULL, NULL),
	(140, 'LEGENDA HANG LEKIR', NULL, NULL, NULL, NULL, NULL, NULL, NULL, NULL, NULL, NULL, NULL, NULL, NULL, NULL, '0', '2025-08-24 20:27:39', '2025-08-24 20:27:39', NULL, NULL, NULL, NULL, NULL),
	(141, ' PERMATA BALOI BLOK B2', NULL, NULL, NULL, NULL, NULL, NULL, NULL, NULL, NULL, NULL, NULL, NULL, NULL, NULL, '0', '2025-08-24 20:29:08', '2025-08-24 20:29:08', NULL, NULL, NULL, NULL, NULL),
	(142, ' DEPAN KANTOR CAMAT/BLOK 9', NULL, NULL, NULL, NULL, NULL, NULL, NULL, NULL, NULL, NULL, NULL, NULL, NULL, NULL, '0', '2025-08-24 20:29:13', '2025-08-24 20:29:13', NULL, NULL, NULL, NULL, NULL),
	(143, 'ANGGREK PERMAI', NULL, NULL, NULL, NULL, NULL, NULL, NULL, NULL, NULL, NULL, NULL, NULL, NULL, NULL, '0', '2025-08-24 20:29:17', '2025-08-24 20:29:17', NULL, NULL, NULL, NULL, NULL),
	(144, 'ORCID GARDEN', NULL, NULL, NULL, NULL, NULL, NULL, NULL, NULL, NULL, NULL, NULL, NULL, NULL, NULL, '0', '2025-08-24 20:29:21', '2025-08-24 20:29:21', NULL, NULL, NULL, NULL, NULL),
	(145, 'RADIO PANTAI', NULL, NULL, NULL, NULL, NULL, NULL, NULL, NULL, NULL, NULL, NULL, NULL, NULL, NULL, '0', '2025-08-24 20:29:24', '2025-08-24 20:29:24', NULL, NULL, NULL, NULL, NULL),
	(146, ' COKRO BERSAUDARA', NULL, NULL, NULL, NULL, NULL, NULL, NULL, NULL, NULL, NULL, NULL, NULL, NULL, NULL, '0', '2025-08-24 20:29:27', '2025-08-24 20:29:27', NULL, NULL, NULL, NULL, NULL),
	(147, 'BENGKONG DALAM', NULL, NULL, NULL, NULL, NULL, NULL, NULL, NULL, NULL, NULL, NULL, NULL, NULL, NULL, '0', '2025-08-24 20:29:31', '2025-08-24 20:29:31', NULL, NULL, NULL, NULL, NULL),
	(148, 'CITRA BATAM', NULL, NULL, NULL, NULL, NULL, NULL, NULL, NULL, NULL, NULL, NULL, NULL, NULL, NULL, '0', '2025-08-24 20:29:35', '2025-08-24 20:29:35', NULL, NULL, NULL, NULL, NULL),
	(149, 'VILLA DIAMOND', NULL, NULL, NULL, NULL, NULL, NULL, NULL, NULL, NULL, NULL, NULL, NULL, NULL, NULL, '0', '2025-08-24 20:29:40', '2025-08-24 20:29:40', NULL, NULL, NULL, NULL, NULL),
	(150, 'WATER WORLD DUTA MAS', NULL, NULL, NULL, NULL, NULL, NULL, NULL, NULL, NULL, NULL, NULL, NULL, NULL, NULL, '0', '2025-08-24 20:29:44', '2025-08-24 20:29:44', NULL, NULL, NULL, NULL, NULL),
	(151, 'TAMAN DUTA MAS 1', NULL, NULL, NULL, NULL, NULL, NULL, NULL, NULL, NULL, NULL, NULL, NULL, NULL, NULL, '0', '2025-08-24 20:29:48', '2025-08-24 20:29:48', NULL, NULL, NULL, NULL, NULL),
	(152, 'UIB', NULL, NULL, NULL, NULL, NULL, NULL, NULL, NULL, NULL, NULL, NULL, NULL, NULL, NULL, '0', '2025-08-24 20:29:52', '2025-08-24 20:29:52', NULL, NULL, NULL, NULL, NULL),
	(153, 'BALOI VIEW', NULL, NULL, NULL, NULL, NULL, NULL, NULL, NULL, NULL, NULL, NULL, NULL, NULL, NULL, '0', '2025-08-24 20:30:14', '2025-08-24 20:30:14', NULL, NULL, NULL, NULL, NULL),
	(154, 'GH MUKA KUNING', NULL, NULL, NULL, NULL, NULL, NULL, NULL, NULL, NULL, NULL, NULL, NULL, NULL, NULL, '0', '2025-08-24 20:30:17', '2025-08-24 20:30:17', NULL, NULL, NULL, NULL, NULL),
	(155, 'GH BARELANG', NULL, NULL, NULL, NULL, NULL, NULL, NULL, NULL, NULL, NULL, NULL, NULL, NULL, NULL, '0', '2025-08-24 20:30:28', '2025-08-24 20:30:28', NULL, NULL, NULL, NULL, NULL),
	(156, 'BATAM CENTER', NULL, NULL, NULL, NULL, NULL, NULL, NULL, NULL, NULL, NULL, NULL, NULL, NULL, NULL, '0', '2025-08-24 20:30:33', '2025-08-24 20:30:33', NULL, NULL, NULL, NULL, NULL),
	(157, 'PT. JAMEWIN TRADING', NULL, NULL, NULL, NULL, NULL, NULL, NULL, NULL, NULL, NULL, NULL, NULL, NULL, NULL, '0', '2025-08-24 20:30:38', '2025-08-24 20:30:38', NULL, NULL, NULL, NULL, NULL),
	(158, 'PURI LEGENDA', NULL, NULL, NULL, NULL, NULL, NULL, NULL, NULL, NULL, NULL, NULL, NULL, NULL, NULL, '0', '2025-08-24 20:30:43', '2025-08-24 20:30:43', NULL, NULL, NULL, NULL, NULL),
	(159, 'GOLDEN LAND', NULL, NULL, NULL, NULL, NULL, NULL, NULL, NULL, NULL, NULL, NULL, NULL, NULL, NULL, '0', '2025-08-24 20:30:48', '2025-08-24 20:30:48', NULL, NULL, NULL, NULL, NULL),
	(160, 'TAMAN NAGOYA INDAH', NULL, NULL, NULL, NULL, NULL, NULL, NULL, NULL, NULL, NULL, NULL, NULL, NULL, NULL, '0', '2025-08-24 20:30:51', '2025-08-24 20:30:51', NULL, NULL, NULL, NULL, NULL),
	(161, 'BAVERLY HILL', NULL, NULL, NULL, NULL, NULL, NULL, NULL, NULL, NULL, NULL, NULL, NULL, NULL, NULL, '0', '2025-08-24 20:30:56', '2025-08-24 20:30:56', NULL, NULL, NULL, NULL, NULL),
	(162, 'TAMAN SARI', NULL, NULL, NULL, NULL, NULL, NULL, NULL, NULL, NULL, NULL, NULL, NULL, NULL, NULL, '0', '2025-08-24 20:31:44', '2025-08-24 20:31:44', NULL, NULL, NULL, NULL, NULL),
	(163, 'TIBAN MAS', NULL, NULL, NULL, NULL, NULL, NULL, NULL, NULL, NULL, NULL, NULL, NULL, NULL, NULL, '0', '2025-08-24 20:31:48', '2025-08-24 20:31:48', NULL, NULL, NULL, NULL, NULL),
	(164, 'MEKAR SARI', NULL, NULL, NULL, NULL, NULL, NULL, NULL, NULL, NULL, NULL, NULL, NULL, NULL, NULL, '0', '2025-08-24 20:31:54', '2025-08-24 20:31:54', NULL, NULL, NULL, NULL, NULL),
	(165, '\'SOUTH LINK GOLF', NULL, NULL, NULL, NULL, NULL, NULL, NULL, NULL, NULL, NULL, NULL, NULL, NULL, NULL, '1', '2025-08-24 20:31:57', '2025-08-24 20:31:57', NULL, NULL, NULL, NULL, NULL),
	(166, ' DINAS TATA KOTA', NULL, NULL, NULL, NULL, NULL, NULL, NULL, NULL, NULL, NULL, NULL, NULL, NULL, NULL, '1', '2025-08-24 20:32:01', '2025-08-24 20:32:01', NULL, NULL, NULL, NULL, NULL),
	(167, 'PALAZZO GARDEN', NULL, NULL, NULL, NULL, NULL, NULL, NULL, NULL, NULL, NULL, NULL, NULL, NULL, NULL, '0', '2025-08-24 20:33:06', '2025-08-24 20:33:06', NULL, NULL, NULL, NULL, NULL),
	(168, 'TERING BAY LUAR', NULL, NULL, NULL, NULL, NULL, NULL, NULL, NULL, NULL, NULL, NULL, NULL, NULL, NULL, '0', '2025-08-24 20:33:24', '2025-08-24 20:33:24', NULL, NULL, NULL, NULL, NULL),
	(169, 'PT KIE 1', NULL, NULL, NULL, NULL, NULL, NULL, NULL, NULL, NULL, NULL, NULL, NULL, NULL, NULL, '0', '2025-08-24 20:33:29', '2025-08-24 20:33:29', NULL, NULL, NULL, NULL, NULL),
	(170, ' TANJUNG PANTUN LUAR', NULL, NULL, NULL, NULL, NULL, NULL, NULL, NULL, NULL, NULL, NULL, NULL, NULL, NULL, '0', '2025-08-24 20:33:33', '2025-08-24 20:33:33', NULL, NULL, NULL, NULL, NULL),
	(171, 'BALOI MAS ASRI', NULL, NULL, NULL, NULL, NULL, NULL, NULL, NULL, NULL, NULL, NULL, NULL, NULL, NULL, '0', '2025-08-24 20:33:37', '2025-08-24 20:33:37', NULL, NULL, NULL, NULL, NULL),
	(172, 'BALOI CENTER', NULL, NULL, NULL, NULL, NULL, NULL, NULL, NULL, NULL, NULL, NULL, NULL, NULL, NULL, '0', '2025-08-24 20:33:41', '2025-08-24 20:33:41', NULL, NULL, NULL, NULL, NULL),
	(173, 'KAV BUKIT MELATI', NULL, NULL, NULL, NULL, NULL, NULL, NULL, NULL, NULL, NULL, NULL, NULL, NULL, NULL, '0', '2025-08-24 20:33:44', '2025-08-24 20:33:44', NULL, NULL, NULL, NULL, NULL),
	(174, 'PT GALANGAN PUTRA TANJUNG PURA', NULL, NULL, NULL, NULL, NULL, NULL, NULL, NULL, NULL, NULL, NULL, NULL, NULL, NULL, '1', '2025-08-24 20:33:48', '2025-08-24 20:33:48', NULL, NULL, NULL, NULL, NULL),
	(175, 'YONIF 134', NULL, NULL, NULL, NULL, NULL, NULL, NULL, NULL, NULL, NULL, NULL, NULL, NULL, NULL, '0', '2025-08-24 20:33:54', '2025-08-24 20:33:54', NULL, NULL, NULL, NULL, NULL),
	(176, 'PT NEW CENTURY', NULL, NULL, NULL, NULL, NULL, NULL, NULL, NULL, NULL, NULL, NULL, NULL, NULL, NULL, '1', '2025-08-24 20:33:57', '2025-08-24 20:33:57', NULL, NULL, NULL, NULL, NULL),
	(177, 'KAMPUNG UTAMA 1', NULL, NULL, NULL, NULL, NULL, NULL, NULL, NULL, NULL, NULL, NULL, NULL, NULL, NULL, '0', '2025-08-24 20:34:01', '2025-08-24 20:34:01', NULL, NULL, NULL, NULL, NULL),
	(178, ' NAGOYA IT CENTER ( NITC )', NULL, NULL, NULL, NULL, NULL, NULL, NULL, NULL, NULL, NULL, NULL, NULL, NULL, NULL, '0', '2025-08-24 20:34:28', '2025-08-24 20:34:28', NULL, NULL, NULL, NULL, NULL),
	(179, 'KOMP INTI BATAM', NULL, NULL, NULL, NULL, NULL, NULL, NULL, NULL, NULL, NULL, NULL, NULL, NULL, NULL, '1', '2025-08-24 20:34:35', '2025-08-24 20:34:35', NULL, NULL, NULL, NULL, NULL),
	(180, 'BUMI RIAU SEI PANAS', NULL, NULL, NULL, NULL, NULL, NULL, NULL, NULL, NULL, NULL, NULL, NULL, NULL, NULL, '0', '2025-08-24 20:34:39', '2025-08-24 20:34:39', NULL, NULL, NULL, NULL, NULL),
	(181, 'GH TIBAN CENTRE', NULL, NULL, NULL, NULL, NULL, NULL, NULL, NULL, NULL, NULL, NULL, NULL, NULL, NULL, '0', '2025-08-24 20:34:42', '2025-08-24 20:34:42', NULL, NULL, NULL, NULL, NULL),
	(182, ' TANAH MAS', NULL, NULL, NULL, NULL, NULL, NULL, NULL, NULL, NULL, NULL, NULL, NULL, NULL, NULL, '0', '2025-08-24 20:34:46', '2025-08-24 20:34:46', NULL, NULL, NULL, NULL, NULL),
	(183, 'KTM RESORT', NULL, NULL, NULL, NULL, NULL, NULL, NULL, NULL, NULL, NULL, NULL, NULL, NULL, NULL, '0', '2025-08-24 20:34:49', '2025-08-24 20:34:49', NULL, NULL, NULL, NULL, NULL),
	(184, 'MAYOR', NULL, NULL, NULL, NULL, NULL, NULL, NULL, NULL, NULL, NULL, NULL, NULL, NULL, NULL, '0', '2025-08-24 20:34:52', '2025-08-24 20:34:52', NULL, NULL, NULL, NULL, NULL),
	(185, 'SIMPANG CELCON / PLTD', NULL, NULL, NULL, NULL, NULL, NULL, NULL, NULL, NULL, NULL, NULL, NULL, NULL, NULL, '0', '2025-08-24 20:34:56', '2025-08-24 20:34:56', NULL, NULL, NULL, NULL, NULL),
	(186, 'PELABUHAN SEKUPANG', NULL, NULL, NULL, NULL, NULL, NULL, NULL, NULL, NULL, NULL, NULL, NULL, NULL, NULL, '0', '2025-08-24 20:34:59', '2025-08-24 20:34:59', NULL, NULL, NULL, NULL, NULL),
	(187, 'PELABUHAN INTERNASIONAL TM', NULL, NULL, NULL, NULL, NULL, NULL, NULL, NULL, NULL, NULL, NULL, NULL, NULL, NULL, '1', '2025-08-24 20:35:02', '2025-08-24 20:35:02', NULL, NULL, NULL, NULL, NULL),
	(188, 'TIBAN 2', NULL, NULL, NULL, NULL, NULL, NULL, NULL, NULL, NULL, NULL, NULL, NULL, NULL, NULL, '0', '2025-08-24 20:35:07', '2025-08-24 20:35:07', NULL, NULL, NULL, NULL, NULL),
	(189, 'LOGISTIK OTORITA BATAM', NULL, NULL, NULL, NULL, NULL, NULL, NULL, NULL, NULL, NULL, NULL, NULL, NULL, NULL, '0', '2025-08-24 20:35:10', '2025-08-24 20:35:10', NULL, NULL, NULL, NULL, NULL),
	(190, 'SHANGRILLA KOLAM', NULL, NULL, NULL, NULL, NULL, NULL, NULL, NULL, NULL, NULL, NULL, NULL, NULL, NULL, '0', '2025-08-24 20:35:14', '2025-08-24 20:35:14', NULL, NULL, NULL, NULL, NULL),
	(191, 'TOSS 3000', NULL, NULL, NULL, NULL, NULL, NULL, NULL, NULL, NULL, NULL, NULL, NULL, NULL, NULL, '0', '2025-08-24 20:35:18', '2025-08-24 20:35:18', NULL, NULL, NULL, NULL, NULL),
	(192, 'MARCELIA', NULL, NULL, NULL, NULL, NULL, NULL, NULL, NULL, NULL, NULL, NULL, NULL, NULL, NULL, '0', '2025-08-24 20:37:31', '2025-08-24 20:37:31', NULL, NULL, NULL, NULL, NULL),
	(193, 'SEKOLAH HARAPAN UTAMA TM/TR', NULL, NULL, NULL, NULL, NULL, NULL, NULL, NULL, NULL, NULL, NULL, NULL, NULL, NULL, '0', '2025-08-24 20:37:35', '2025-08-24 20:37:35', NULL, NULL, NULL, NULL, NULL),
	(194, 'CENTRE POINT', NULL, NULL, NULL, NULL, NULL, NULL, NULL, NULL, NULL, NULL, NULL, NULL, NULL, NULL, '1', '2025-08-24 20:37:38', '2025-08-24 20:37:38', NULL, NULL, NULL, NULL, NULL),
	(195, 'BARICON', NULL, NULL, NULL, NULL, NULL, NULL, NULL, NULL, NULL, NULL, NULL, NULL, NULL, NULL, '0', '2025-08-24 20:37:41', '2025-08-24 20:37:41', NULL, NULL, NULL, NULL, NULL),
	(196, 'CITRA INDAH 1', NULL, NULL, NULL, NULL, NULL, NULL, NULL, NULL, NULL, NULL, NULL, NULL, NULL, NULL, '0', '2025-08-24 20:37:44', '2025-08-24 20:37:44', NULL, NULL, NULL, NULL, NULL),
	(197, 'MARKAS BRIMOB', NULL, NULL, NULL, NULL, NULL, NULL, NULL, NULL, NULL, NULL, NULL, NULL, NULL, NULL, '0', '2025-08-24 20:37:48', '2025-08-24 20:37:48', NULL, NULL, NULL, NULL, NULL),
	(198, 'SAMATOR', NULL, NULL, NULL, NULL, NULL, NULL, NULL, NULL, NULL, NULL, NULL, NULL, NULL, NULL, '1', '2025-08-24 20:37:51', '2025-08-24 20:37:51', NULL, NULL, NULL, NULL, NULL),
	(199, 'TOMY', NULL, NULL, NULL, NULL, NULL, NULL, NULL, NULL, NULL, NULL, NULL, NULL, NULL, NULL, '0', '2025-08-24 20:37:54', '2025-08-24 20:37:54', NULL, NULL, NULL, NULL, NULL),
	(200, 'SIMPANG PANDAN WANGI', NULL, NULL, NULL, NULL, NULL, NULL, NULL, NULL, NULL, NULL, NULL, NULL, NULL, NULL, '0', '2025-08-24 20:37:57', '2025-08-24 20:37:57', NULL, NULL, NULL, NULL, NULL),
	(201, 'WIRAMUSTIKA', NULL, NULL, NULL, NULL, NULL, NULL, NULL, NULL, NULL, NULL, NULL, NULL, NULL, NULL, '0', '2025-08-24 20:38:01', '2025-08-24 20:38:01', NULL, NULL, NULL, NULL, NULL),
	(202, 'LAPANGAN BOLA', NULL, NULL, NULL, NULL, NULL, NULL, NULL, NULL, NULL, NULL, NULL, NULL, NULL, NULL, '0', '2025-08-24 20:38:04', '2025-08-24 20:38:04', NULL, NULL, NULL, NULL, NULL),
	(203, 'GH SIMPANG BANDARA', NULL, NULL, NULL, NULL, NULL, NULL, NULL, NULL, NULL, NULL, NULL, NULL, NULL, NULL, '0', '2025-08-24 20:38:08', '2025-08-24 20:38:08', NULL, NULL, NULL, NULL, NULL),
	(204, 'SIMPANG LANAL', NULL, NULL, NULL, NULL, NULL, NULL, NULL, NULL, NULL, NULL, NULL, NULL, NULL, NULL, '0', '2025-08-24 20:38:12', '2025-08-24 20:38:12', NULL, NULL, NULL, NULL, NULL),
	(205, 'SUMBER AGUNG', NULL, NULL, NULL, NULL, NULL, NULL, NULL, NULL, NULL, NULL, NULL, NULL, NULL, NULL, '0', '2025-08-24 20:38:17', '2025-08-24 20:38:17', NULL, NULL, NULL, NULL, NULL),
	(206, 'GH SAGULUNG', NULL, NULL, NULL, NULL, NULL, NULL, NULL, NULL, NULL, NULL, NULL, NULL, NULL, NULL, '0', '2025-08-24 20:38:21', '2025-08-24 20:38:21', NULL, NULL, NULL, NULL, NULL),
	(207, 'GH NUSA BATAM', NULL, NULL, NULL, NULL, NULL, NULL, NULL, NULL, NULL, NULL, NULL, NULL, NULL, NULL, '0', '2025-08-24 20:38:30', '2025-08-24 20:38:30', NULL, NULL, NULL, NULL, NULL),
	(208, 'GH DRAGON', NULL, NULL, NULL, NULL, NULL, NULL, NULL, NULL, NULL, NULL, NULL, NULL, NULL, NULL, '0', '2025-08-24 20:38:33', '2025-08-24 20:38:33', NULL, NULL, NULL, NULL, NULL),
	(209, 'TNI SIMPANG BARELANG', NULL, NULL, NULL, NULL, NULL, NULL, NULL, NULL, NULL, NULL, NULL, NULL, NULL, NULL, '0', '2025-08-24 20:38:40', '2025-08-24 20:38:40', NULL, NULL, NULL, NULL, NULL),
	(210, 'KAMPUNG JABI', NULL, NULL, NULL, NULL, NULL, NULL, NULL, NULL, NULL, NULL, NULL, NULL, NULL, NULL, '0', '2025-08-24 20:38:44', '2025-08-24 20:38:44', NULL, NULL, NULL, NULL, NULL),
	(211, 'KAMPUNG JABI', NULL, NULL, NULL, NULL, NULL, NULL, NULL, NULL, NULL, NULL, NULL, NULL, NULL, NULL, '0', '2025-08-24 20:39:22', '2025-08-24 20:39:22', NULL, NULL, NULL, NULL, NULL),
	(212, 'KEPRI MALL', NULL, NULL, NULL, NULL, NULL, NULL, NULL, NULL, NULL, NULL, NULL, NULL, NULL, NULL, '0', '2025-08-24 20:39:26', '2025-08-24 20:39:26', NULL, NULL, NULL, NULL, NULL),
	(213, 'LAPAS', NULL, NULL, NULL, NULL, NULL, NULL, NULL, NULL, NULL, NULL, NULL, NULL, NULL, NULL, '1', '2025-08-24 20:39:30', '2025-08-24 20:39:30', NULL, NULL, NULL, NULL, NULL),
	(214, 'BANK DUTA', NULL, NULL, NULL, NULL, NULL, NULL, NULL, NULL, NULL, NULL, NULL, NULL, NULL, NULL, '0', '2025-08-24 20:39:33', '2025-08-24 20:39:33', NULL, NULL, NULL, NULL, NULL),
	(215, 'PT TEAM METAL INDONESIA 1', NULL, NULL, NULL, NULL, NULL, NULL, NULL, NULL, NULL, NULL, NULL, NULL, NULL, NULL, '1', '2025-08-24 20:39:37', '2025-08-24 20:39:37', NULL, NULL, NULL, NULL, NULL),
	(216, 'PURIMAS 2', NULL, NULL, NULL, NULL, NULL, NULL, NULL, NULL, NULL, NULL, NULL, NULL, NULL, NULL, '0', '2025-08-24 20:39:40', '2025-08-24 20:39:40', NULL, NULL, NULL, NULL, NULL),
	(217, 'GH. SIMPANG SUAR', NULL, NULL, NULL, NULL, NULL, NULL, NULL, NULL, NULL, NULL, NULL, NULL, NULL, NULL, '0', '2025-08-24 20:39:44', '2025-08-24 20:39:44', NULL, NULL, NULL, NULL, NULL),
	(218, 'GH PALMA', NULL, NULL, NULL, NULL, NULL, NULL, NULL, NULL, NULL, NULL, NULL, NULL, NULL, NULL, '0', '2025-08-24 20:39:47', '2025-08-24 20:39:47', NULL, NULL, NULL, NULL, NULL),
	(219, 'GH. ALJABAR', NULL, NULL, NULL, NULL, NULL, NULL, NULL, NULL, NULL, NULL, NULL, NULL, NULL, NULL, '0', '2025-08-24 20:39:50', '2025-08-24 20:39:50', NULL, NULL, NULL, NULL, NULL),
	(220, 'GH SEKUPANG', NULL, NULL, NULL, NULL, NULL, NULL, NULL, NULL, NULL, NULL, NULL, NULL, NULL, NULL, '0', '2025-08-24 20:39:54', '2025-08-24 20:39:54', NULL, NULL, NULL, NULL, NULL),
	(221, 'GH TG UNCANG', NULL, NULL, NULL, NULL, NULL, NULL, NULL, NULL, NULL, NULL, NULL, NULL, NULL, NULL, '0', '2025-08-24 20:39:58', '2025-08-24 20:39:58', NULL, NULL, NULL, NULL, NULL),
	(222, 'GH KABIL', NULL, NULL, NULL, NULL, NULL, NULL, NULL, NULL, NULL, NULL, NULL, NULL, NULL, NULL, '0', '2025-08-24 20:40:03', '2025-08-24 20:40:03', NULL, NULL, NULL, NULL, NULL),
	(223, 'GH BATU BESAR', NULL, NULL, NULL, NULL, NULL, NULL, NULL, NULL, NULL, NULL, NULL, NULL, NULL, NULL, '0', '2025-08-24 20:40:20', '2025-08-24 20:40:20', NULL, NULL, NULL, NULL, NULL),
	(224, 'GH BINTANG', NULL, NULL, NULL, NULL, NULL, NULL, NULL, NULL, NULL, NULL, NULL, NULL, NULL, NULL, '0', '2025-08-24 20:40:26', '2025-08-24 20:40:26', NULL, NULL, NULL, NULL, NULL),
	(225, 'BIDA ASRI 1', NULL, NULL, NULL, NULL, NULL, NULL, NULL, NULL, NULL, NULL, NULL, NULL, NULL, NULL, '0', '2025-08-24 20:40:31', '2025-08-24 20:40:31', NULL, NULL, NULL, NULL, NULL),
	(226, 'ROSEDALE', NULL, NULL, NULL, NULL, NULL, NULL, NULL, NULL, NULL, NULL, NULL, NULL, NULL, NULL, '0', '2025-08-24 20:40:53', '2025-08-24 20:40:53', NULL, NULL, NULL, NULL, NULL),
	(227, 'YOKOHAMA', NULL, NULL, NULL, NULL, NULL, NULL, NULL, NULL, NULL, NULL, NULL, NULL, NULL, NULL, '0', '2025-08-24 20:41:00', '2025-08-24 20:41:00', NULL, NULL, NULL, NULL, NULL),
	(228, 'BOROBUDUR', NULL, NULL, NULL, NULL, NULL, NULL, NULL, NULL, NULL, NULL, NULL, NULL, NULL, NULL, '0', '2025-08-24 20:41:14', '2025-08-24 20:41:14', NULL, NULL, NULL, NULL, NULL),
	(229, 'UTAMA INDAH', NULL, NULL, NULL, NULL, NULL, NULL, NULL, NULL, NULL, NULL, NULL, NULL, NULL, NULL, '0', '2025-08-24 20:41:20', '2025-08-24 20:41:20', NULL, NULL, NULL, NULL, NULL),
	(230, 'JPK SERAYA', NULL, NULL, NULL, NULL, NULL, NULL, NULL, NULL, NULL, NULL, NULL, NULL, NULL, NULL, '0', '2025-08-24 20:41:23', '2025-08-24 20:41:23', NULL, NULL, NULL, NULL, NULL),
	(231, 'TOYOSIMA', NULL, NULL, NULL, NULL, NULL, NULL, NULL, NULL, NULL, NULL, NULL, NULL, NULL, NULL, '0', '2025-08-24 20:41:26', '2025-08-24 20:41:26', NULL, NULL, NULL, NULL, NULL),
	(232, 'PT HOKINDO EKATEKNIK SURYA', NULL, NULL, NULL, NULL, NULL, NULL, NULL, NULL, NULL, NULL, NULL, NULL, NULL, NULL, '1', '2025-08-24 20:41:29', '2025-08-24 20:41:29', NULL, NULL, NULL, NULL, NULL),
	(233, 'RUSUN OB KABIL', NULL, NULL, NULL, NULL, NULL, NULL, NULL, NULL, NULL, NULL, NULL, NULL, NULL, NULL, '1', '2025-08-24 20:41:33', '2025-08-24 20:41:33', NULL, NULL, NULL, NULL, NULL),
	(234, 'BLOK 4', NULL, NULL, NULL, NULL, NULL, NULL, NULL, NULL, NULL, NULL, NULL, NULL, NULL, NULL, '0', '2025-08-24 20:41:36', '2025-08-24 20:41:36', NULL, NULL, NULL, NULL, NULL),
	(235, 'PERUM PENUIN', NULL, NULL, NULL, NULL, NULL, NULL, NULL, NULL, NULL, NULL, NULL, NULL, NULL, NULL, '0', '2025-08-24 20:41:40', '2025-08-24 20:41:40', NULL, NULL, NULL, NULL, NULL),
	(236, 'PASAR PENUIN', NULL, NULL, NULL, NULL, NULL, NULL, NULL, NULL, NULL, NULL, NULL, NULL, NULL, NULL, '0', '2025-08-24 20:41:43', '2025-08-24 20:41:43', NULL, NULL, NULL, NULL, NULL),
	(237, 'GREEN COURT 1', NULL, NULL, NULL, NULL, NULL, NULL, NULL, NULL, NULL, NULL, NULL, NULL, NULL, NULL, '0', '2025-08-24 20:41:47', '2025-08-24 20:41:47', NULL, NULL, NULL, NULL, NULL),
	(238, ' PASAR SEGAR 1', NULL, NULL, NULL, NULL, NULL, NULL, NULL, NULL, NULL, NULL, NULL, NULL, NULL, NULL, '0', '2025-08-24 20:41:50', '2025-08-24 20:41:50', NULL, NULL, NULL, NULL, NULL),
	(239, ' PERUM. TAMAN NIAGA', NULL, NULL, NULL, NULL, NULL, NULL, NULL, NULL, NULL, NULL, NULL, NULL, NULL, NULL, '0', '2025-08-24 20:41:54', '2025-08-24 20:41:54', NULL, NULL, NULL, NULL, NULL),
	(240, 'TAMAN GOLF RESIDENCE 2', NULL, NULL, NULL, NULL, NULL, NULL, NULL, NULL, NULL, NULL, NULL, NULL, NULL, NULL, '0', '2025-08-24 20:41:58', '2025-08-24 20:41:58', NULL, NULL, NULL, NULL, NULL),
	(241, 'TELUK MATA IKAN', NULL, NULL, NULL, NULL, NULL, NULL, NULL, NULL, NULL, NULL, NULL, NULL, NULL, NULL, '1', '2025-08-24 20:42:01', '2025-08-24 20:42:01', NULL, NULL, NULL, NULL, NULL),
	(242, 'KOTA MAS ', NULL, NULL, NULL, NULL, NULL, NULL, NULL, NULL, NULL, NULL, NULL, NULL, NULL, NULL, '0', '2025-08-24 20:42:08', '2025-08-24 20:42:08', NULL, NULL, NULL, NULL, NULL),
	(243, 'BELAKANG GENTA', NULL, NULL, NULL, NULL, NULL, NULL, NULL, NULL, NULL, NULL, NULL, NULL, NULL, NULL, '0', '2025-08-24 20:42:12', '2025-08-24 20:42:12', NULL, NULL, NULL, NULL, NULL),
	(244, 'RUKO PASIR PUTIH 2', NULL, NULL, NULL, NULL, NULL, NULL, NULL, NULL, NULL, NULL, NULL, NULL, NULL, NULL, '0', '2025-08-24 20:42:15', '2025-08-24 20:42:15', NULL, NULL, NULL, NULL, NULL),
	(245, 'GH BTA BARU', NULL, NULL, NULL, NULL, NULL, NULL, NULL, NULL, NULL, NULL, NULL, NULL, NULL, NULL, '0', '2025-08-24 20:42:23', '2025-08-24 20:42:23', NULL, NULL, NULL, NULL, NULL),
	(246, 'KURNIA DJAYA LAM 2', NULL, NULL, NULL, NULL, NULL, NULL, NULL, NULL, NULL, NULL, NULL, NULL, NULL, NULL, '0', '2025-08-24 20:42:30', '2025-08-24 20:42:30', NULL, NULL, NULL, NULL, NULL),
	(247, 'GH DAPUR 12', NULL, NULL, NULL, NULL, NULL, NULL, NULL, NULL, NULL, NULL, NULL, NULL, NULL, NULL, '0', '2025-08-24 20:42:34', '2025-08-24 20:42:34', NULL, NULL, NULL, NULL, NULL),
	(248, 'BALOI SATPAM', NULL, NULL, NULL, NULL, NULL, NULL, NULL, NULL, NULL, NULL, NULL, NULL, NULL, NULL, '0', '2025-08-24 20:42:37', '2025-08-24 20:42:37', NULL, NULL, NULL, NULL, NULL),
	(249, 'HOTEL MONTIGO', NULL, NULL, NULL, NULL, NULL, NULL, NULL, NULL, NULL, NULL, NULL, NULL, NULL, NULL, '0', '2025-08-24 20:42:41', '2025-08-24 20:42:41', NULL, NULL, NULL, NULL, NULL),
	(250, 'MESJID PLAMO GARDEN', NULL, NULL, NULL, NULL, NULL, NULL, NULL, NULL, NULL, NULL, NULL, NULL, NULL, NULL, '0', '2025-08-24 20:42:45', '2025-08-24 20:42:45', NULL, NULL, NULL, NULL, NULL),
	(251, 'PLAMO GARDEN', NULL, NULL, NULL, NULL, NULL, NULL, NULL, NULL, NULL, NULL, NULL, NULL, NULL, NULL, '0', '2025-08-24 20:43:03', '2025-08-24 20:43:03', NULL, NULL, NULL, NULL, NULL),
	(252, 'PT. HYMICS INDONESIA', NULL, NULL, NULL, NULL, NULL, NULL, NULL, NULL, NULL, NULL, NULL, NULL, NULL, NULL, '1', '2025-08-24 20:43:13', '2025-08-24 20:43:13', NULL, NULL, NULL, NULL, NULL),
	(253, 'FANINDO', NULL, NULL, NULL, NULL, NULL, NULL, NULL, NULL, NULL, NULL, NULL, NULL, NULL, NULL, '0', '2025-08-24 20:43:22', '2025-08-24 20:43:22', NULL, NULL, NULL, NULL, NULL),
	(254, 'SINGATECH', NULL, NULL, NULL, NULL, NULL, NULL, NULL, NULL, NULL, NULL, NULL, NULL, NULL, NULL, '1', '2025-08-24 20:43:25', '2025-08-24 20:43:25', NULL, NULL, NULL, NULL, NULL),
	(255, '91 SQUARE', NULL, NULL, NULL, NULL, NULL, NULL, NULL, NULL, NULL, NULL, NULL, NULL, NULL, NULL, '0', '2025-08-24 20:43:34', '2025-08-24 20:43:34', NULL, NULL, NULL, NULL, NULL),
	(256, 'HOTEL DEVIANA', NULL, NULL, NULL, NULL, NULL, NULL, NULL, NULL, NULL, NULL, NULL, NULL, NULL, NULL, '1', '2025-08-24 20:43:45', '2025-08-24 20:43:45', NULL, NULL, NULL, NULL, NULL),
	(257, 'KAMPUNG HARAPAN JAYA', NULL, NULL, NULL, NULL, NULL, NULL, NULL, NULL, NULL, NULL, NULL, NULL, NULL, NULL, '0', '2025-08-24 20:43:56', '2025-08-24 20:43:56', NULL, NULL, NULL, NULL, NULL),
	(258, 'KOMPLEK YP', NULL, NULL, NULL, NULL, NULL, NULL, NULL, NULL, NULL, NULL, NULL, NULL, NULL, NULL, '0', '2025-08-24 20:44:05', '2025-08-24 20:44:05', NULL, NULL, NULL, NULL, NULL),
	(259, 'NINDA PRATAMA', NULL, NULL, NULL, NULL, NULL, NULL, NULL, NULL, NULL, NULL, NULL, NULL, NULL, NULL, '0', '2025-08-24 20:44:09', '2025-08-24 20:44:09', NULL, NULL, NULL, NULL, NULL),
	(260, ' TUNAS REGENCY', NULL, NULL, NULL, NULL, NULL, NULL, NULL, NULL, NULL, NULL, NULL, NULL, NULL, NULL, '0', '2025-08-24 20:44:14', '2025-08-24 20:44:14', NULL, NULL, NULL, NULL, NULL),
	(261, 'TANJUNG UNCANG 1', NULL, NULL, NULL, NULL, NULL, NULL, NULL, NULL, NULL, NULL, NULL, NULL, NULL, NULL, '0', '2025-08-24 20:44:17', '2025-08-24 20:44:17', NULL, NULL, NULL, NULL, NULL),
	(262, 'PT SBF SHIPBUILDERS', NULL, NULL, NULL, NULL, NULL, NULL, NULL, NULL, NULL, NULL, NULL, NULL, NULL, NULL, '1', '2025-08-24 20:44:21', '2025-08-24 20:44:21', NULL, NULL, NULL, NULL, NULL),
	(263, 'PETROLOG', NULL, NULL, NULL, NULL, NULL, NULL, NULL, NULL, NULL, NULL, NULL, NULL, NULL, NULL, '0', '2025-08-24 20:44:25', '2025-08-24 20:44:25', NULL, NULL, NULL, NULL, NULL),
	(264, 'YPTN ELISABETH', NULL, NULL, NULL, NULL, NULL, NULL, NULL, NULL, NULL, NULL, NULL, NULL, NULL, NULL, '1', '2025-08-24 20:44:33', '2025-08-24 20:44:33', NULL, NULL, NULL, NULL, NULL),
	(265, 'VESINTER', NULL, NULL, NULL, NULL, NULL, NULL, NULL, NULL, NULL, NULL, NULL, NULL, NULL, NULL, '0', '2025-08-24 20:44:37', '2025-08-24 20:44:37', NULL, NULL, NULL, NULL, NULL),
	(266, 'PT KUMALA INDONESIA SHIPY', NULL, NULL, NULL, NULL, NULL, NULL, NULL, NULL, NULL, NULL, NULL, NULL, NULL, NULL, '1', '2025-08-24 20:44:41', '2025-08-24 20:44:41', NULL, NULL, NULL, NULL, NULL),
	(267, 'TIBAN MAKMUR', NULL, NULL, NULL, NULL, NULL, NULL, NULL, NULL, NULL, NULL, NULL, NULL, NULL, NULL, '0', '2025-08-24 20:44:46', '2025-08-24 20:44:46', NULL, NULL, NULL, NULL, NULL),
	(268, 'MUTIARA GARDEN', NULL, NULL, NULL, NULL, NULL, NULL, NULL, NULL, NULL, NULL, NULL, NULL, NULL, NULL, '0', '2025-08-24 20:44:49', '2025-08-24 20:44:49', NULL, NULL, NULL, NULL, NULL),
	(269, 'PR ALEXANDRIA', NULL, NULL, NULL, NULL, NULL, NULL, NULL, NULL, NULL, NULL, NULL, NULL, NULL, NULL, '0', '2025-08-24 20:44:53', '2025-08-24 20:44:53', NULL, NULL, NULL, NULL, NULL),
	(270, 'GH ALADIN', NULL, NULL, NULL, NULL, NULL, NULL, NULL, NULL, NULL, NULL, NULL, NULL, NULL, NULL, '0', '2025-08-24 20:44:56', '2025-08-24 20:44:56', NULL, NULL, NULL, NULL, NULL),
	(271, 'PARAGON HILL', NULL, NULL, NULL, NULL, NULL, NULL, NULL, NULL, NULL, NULL, NULL, NULL, NULL, NULL, '0', '2025-08-24 20:44:59', '2025-08-24 20:44:59', NULL, NULL, NULL, NULL, NULL),
	(272, 'GOLDEN PRIMA', NULL, NULL, NULL, NULL, NULL, NULL, NULL, NULL, NULL, NULL, NULL, NULL, NULL, NULL, '0', '2025-08-24 20:45:06', '2025-08-24 20:45:06', NULL, NULL, NULL, NULL, NULL),
	(273, 'SRIMAS', NULL, NULL, NULL, NULL, NULL, NULL, NULL, NULL, NULL, NULL, NULL, NULL, NULL, NULL, '1', '2025-08-24 20:45:09', '2025-08-24 20:45:09', NULL, NULL, NULL, NULL, NULL),
	(274, 'TOP 100 JODOH', NULL, NULL, NULL, NULL, NULL, NULL, NULL, NULL, NULL, NULL, NULL, NULL, NULL, NULL, '1', '2025-08-24 20:45:13', '2025-08-24 20:45:13', NULL, NULL, NULL, NULL, NULL),
	(275, 'RUKO PENUIN TOP 100', NULL, NULL, NULL, NULL, NULL, NULL, NULL, NULL, NULL, NULL, NULL, NULL, NULL, NULL, '0', '2025-08-24 20:45:17', '2025-08-24 20:45:17', NULL, NULL, NULL, NULL, NULL),
	(276, 'BII JODOH', NULL, NULL, NULL, NULL, NULL, NULL, NULL, NULL, NULL, NULL, NULL, NULL, NULL, NULL, '1', '2025-08-24 20:45:20', '2025-08-24 20:45:20', NULL, NULL, NULL, NULL, NULL),
	(277, 'LOTTE', NULL, NULL, NULL, NULL, NULL, NULL, NULL, NULL, NULL, NULL, NULL, NULL, NULL, NULL, '0', '2025-08-24 20:45:25', '2025-08-24 20:45:25', NULL, NULL, NULL, NULL, NULL),
	(278, 'STO TELKOM BTC', NULL, NULL, NULL, NULL, NULL, NULL, NULL, NULL, NULL, NULL, NULL, NULL, NULL, NULL, '1', '2025-08-24 20:45:42', '2025-08-24 20:45:42', NULL, NULL, NULL, NULL, NULL),
	(279, 'RACER TECH', NULL, NULL, NULL, NULL, NULL, NULL, NULL, NULL, NULL, NULL, NULL, NULL, NULL, NULL, '1', '2025-08-24 20:47:06', '2025-08-24 20:47:06', NULL, NULL, NULL, NULL, NULL),
	(280, ' PT. UNIMETALTECH ', NULL, NULL, NULL, NULL, NULL, NULL, NULL, NULL, NULL, NULL, NULL, NULL, NULL, NULL, '0', '2025-08-24 20:47:11', '2025-08-24 20:47:11', NULL, NULL, NULL, NULL, NULL),
	(281, ' PT ESHUPINDO', NULL, NULL, NULL, NULL, NULL, NULL, NULL, NULL, NULL, NULL, NULL, NULL, NULL, NULL, '1', '2025-08-24 20:47:15', '2025-08-24 20:47:15', NULL, NULL, NULL, NULL, NULL),
	(282, 'PESONA ASRI', NULL, NULL, NULL, NULL, NULL, NULL, NULL, NULL, NULL, NULL, NULL, NULL, NULL, NULL, '0', '2025-08-24 20:47:18', '2025-08-24 20:47:18', NULL, NULL, NULL, NULL, NULL),
	(283, 'PT VOLEX', NULL, NULL, NULL, NULL, NULL, NULL, NULL, NULL, NULL, NULL, NULL, NULL, NULL, NULL, '1', '2025-08-24 20:47:37', '2025-08-24 20:47:37', NULL, NULL, NULL, NULL, NULL),
	(284, 'BANDAR VICTORY', NULL, NULL, NULL, NULL, NULL, NULL, NULL, NULL, NULL, NULL, NULL, NULL, NULL, NULL, '1', '2025-08-24 20:47:40', '2025-08-24 20:47:40', NULL, NULL, NULL, NULL, NULL),
	(285, 'IMIGRASI SEKUPANG', NULL, NULL, NULL, NULL, NULL, NULL, NULL, NULL, NULL, NULL, NULL, NULL, NULL, NULL, '1', '2025-08-24 20:47:43', '2025-08-24 20:47:43', NULL, NULL, NULL, NULL, NULL),
	(286, 'SUMATRA MAJU', NULL, NULL, NULL, NULL, NULL, NULL, NULL, NULL, NULL, NULL, NULL, NULL, NULL, NULL, '1', '2025-08-24 20:47:47', '2025-08-24 20:47:47', NULL, NULL, NULL, NULL, NULL),
	(287, 'CAHAYA SAMUDRA SHIPYARD 2', NULL, NULL, NULL, NULL, NULL, NULL, NULL, NULL, NULL, NULL, NULL, NULL, NULL, NULL, '1', '2025-08-24 20:47:57', '2025-08-24 20:47:57', NULL, NULL, NULL, NULL, NULL),
	(288, 'CAHAYA SAMUDRA SHIPYARD 1', NULL, NULL, NULL, NULL, NULL, NULL, NULL, NULL, NULL, NULL, NULL, NULL, NULL, NULL, '0', '2025-08-24 20:48:03', '2025-08-24 20:48:03', NULL, NULL, NULL, NULL, NULL),
	(289, ' CITRA BUANA LOT 15', NULL, NULL, NULL, NULL, NULL, NULL, NULL, NULL, NULL, NULL, NULL, NULL, NULL, NULL, '1', '2025-08-24 20:48:06', '2025-08-24 20:48:06', NULL, NULL, NULL, NULL, NULL),
	(290, ' CITRA BUANA LOT 11', NULL, NULL, NULL, NULL, NULL, NULL, NULL, NULL, NULL, NULL, NULL, NULL, NULL, NULL, '1', '2025-08-24 20:48:09', '2025-08-24 20:48:09', NULL, NULL, NULL, NULL, NULL),
	(291, 'ATB DURIANGKANG', NULL, NULL, NULL, NULL, NULL, NULL, NULL, NULL, NULL, NULL, NULL, NULL, NULL, NULL, '1', '2025-08-24 20:48:12', '2025-08-24 20:48:12', NULL, NULL, NULL, NULL, NULL),
	(292, 'MULTI PLASTINDO UTAMA', NULL, NULL, NULL, NULL, NULL, NULL, NULL, NULL, NULL, NULL, NULL, NULL, NULL, NULL, '1', '2025-08-24 20:48:16', '2025-08-24 20:48:16', NULL, NULL, NULL, NULL, NULL),
	(293, 'BABINSA', NULL, NULL, NULL, NULL, NULL, NULL, NULL, NULL, NULL, NULL, NULL, NULL, NULL, NULL, '1', '2025-08-24 20:48:19', '2025-08-24 20:48:19', NULL, NULL, NULL, NULL, NULL),
	(294, 'PERTAMINA', NULL, NULL, NULL, NULL, NULL, NULL, NULL, NULL, NULL, NULL, NULL, NULL, NULL, NULL, '1', '2025-08-24 20:48:31', '2025-08-24 20:48:31', NULL, NULL, NULL, NULL, NULL),
	(295, 'EXECUTIVE CENTER', NULL, NULL, NULL, NULL, NULL, NULL, NULL, NULL, NULL, NULL, NULL, NULL, NULL, NULL, '0', '2025-08-24 20:48:35', '2025-08-24 23:33:30', NULL, NULL, NULL, NULL, NULL),
	(296, 'SP MANUFACTURING', NULL, NULL, NULL, NULL, NULL, NULL, NULL, NULL, NULL, NULL, NULL, NULL, NULL, NULL, '1', '2025-08-24 20:49:38', '2025-08-24 20:49:38', NULL, NULL, NULL, NULL, NULL),
	(297, 'CORDECK 1', NULL, NULL, NULL, NULL, NULL, NULL, NULL, NULL, NULL, NULL, NULL, NULL, NULL, NULL, '1', '2025-08-24 20:49:43', '2025-08-24 20:49:43', NULL, NULL, NULL, NULL, NULL),
	(298, 'CORDECK 2', NULL, NULL, NULL, NULL, NULL, NULL, NULL, NULL, NULL, NULL, NULL, NULL, NULL, NULL, '1', '2025-08-24 20:49:48', '2025-08-24 20:49:48', NULL, NULL, NULL, NULL, NULL),
	(299, 'PT NEXTLITE CP INDONESIA', NULL, NULL, NULL, NULL, NULL, NULL, NULL, NULL, NULL, NULL, NULL, NULL, NULL, NULL, '1', '2025-08-24 20:49:51', '2025-08-24 20:49:51', NULL, NULL, NULL, NULL, NULL),
	(300, 'PT. SUN PRESISION (BP)', NULL, NULL, NULL, NULL, NULL, NULL, NULL, NULL, NULL, NULL, NULL, NULL, NULL, NULL, '1', '2025-08-24 20:49:56', '2025-08-24 20:49:56', NULL, NULL, NULL, NULL, NULL),
	(301, 'PT SOUTH PIONEER INDONESIA', NULL, NULL, NULL, NULL, NULL, NULL, NULL, NULL, NULL, NULL, NULL, NULL, NULL, NULL, '1', '2025-08-24 20:49:59', '2025-08-24 20:49:59', NULL, NULL, NULL, NULL, NULL),
	(302, 'ATB SEI LADI 2', NULL, NULL, NULL, NULL, NULL, NULL, NULL, NULL, NULL, NULL, NULL, NULL, NULL, NULL, '1', '2025-08-24 20:50:06', '2025-08-24 20:50:06', NULL, NULL, NULL, NULL, NULL),
	(303, 'PARADISE', NULL, NULL, NULL, NULL, NULL, NULL, NULL, NULL, NULL, NULL, NULL, NULL, NULL, NULL, '1', '2025-08-24 20:50:11', '2025-08-24 20:50:11', NULL, NULL, NULL, NULL, NULL),
	(304, 'SM ENGINEERING', NULL, NULL, NULL, NULL, NULL, NULL, NULL, NULL, NULL, NULL, NULL, NULL, NULL, NULL, '1', '2025-08-24 20:50:15', '2025-08-24 20:50:15', NULL, NULL, NULL, NULL, NULL),
	(305, 'ASRAMA HAJI', NULL, NULL, NULL, NULL, NULL, NULL, NULL, NULL, NULL, NULL, NULL, NULL, NULL, NULL, '1', '2025-08-24 20:52:13', '2025-08-24 20:52:13', NULL, NULL, NULL, NULL, NULL),
	(306, 'HOTEL SENTOSA', NULL, NULL, NULL, NULL, NULL, NULL, NULL, NULL, NULL, NULL, NULL, NULL, NULL, NULL, '1', '2025-08-24 20:52:18', '2025-08-24 20:52:18', NULL, NULL, NULL, NULL, NULL),
	(307, 'TOYOKANETSU 1', NULL, NULL, NULL, NULL, NULL, NULL, NULL, NULL, NULL, NULL, NULL, NULL, NULL, NULL, '1', '2025-08-24 20:52:22', '2025-08-24 20:52:22', NULL, NULL, NULL, NULL, NULL),
	(308, 'USDA SEROJA JAYA', NULL, NULL, NULL, NULL, NULL, NULL, NULL, NULL, NULL, NULL, NULL, NULL, NULL, NULL, '1', '2025-08-24 20:52:26', '2025-08-24 20:52:26', NULL, NULL, NULL, NULL, NULL),
	(309, 'PT CIPTA SARANA BAHARI', NULL, NULL, NULL, NULL, NULL, NULL, NULL, NULL, NULL, NULL, NULL, NULL, NULL, NULL, '1', '2025-08-24 20:52:33', '2025-08-24 20:52:33', NULL, NULL, NULL, NULL, NULL),
	(310, 'ARTHA CITRA', NULL, NULL, NULL, NULL, NULL, NULL, NULL, NULL, NULL, NULL, NULL, NULL, NULL, NULL, '0', '2025-08-24 20:52:37', '2025-08-24 20:52:37', NULL, NULL, NULL, NULL, NULL),
	(311, 'Aviari (TM)', NULL, NULL, NULL, NULL, NULL, NULL, NULL, NULL, NULL, NULL, NULL, NULL, NULL, NULL, '0', '2025-08-24 20:52:40', '2025-08-24 20:52:40', NULL, NULL, NULL, NULL, NULL),
	(312, 'FURNIPLUS', NULL, NULL, NULL, NULL, NULL, NULL, NULL, NULL, NULL, NULL, NULL, NULL, NULL, NULL, '1', '2025-08-24 20:52:43', '2025-08-24 20:52:43', NULL, NULL, NULL, NULL, NULL),
	(313, 'REPINDO SINGACOM', NULL, NULL, NULL, NULL, NULL, NULL, NULL, NULL, NULL, NULL, NULL, NULL, NULL, NULL, '0', '2025-08-24 20:52:47', '2025-08-24 20:52:47', NULL, NULL, NULL, NULL, NULL),
	(314, 'PT.NSP TEHKNOLOGI', NULL, NULL, NULL, NULL, NULL, NULL, NULL, NULL, NULL, NULL, NULL, NULL, NULL, NULL, '1', '2025-08-24 20:53:07', '2025-08-24 20:53:07', NULL, NULL, NULL, NULL, NULL),
	(315, 'BULOG', NULL, NULL, NULL, NULL, NULL, NULL, NULL, NULL, NULL, NULL, NULL, NULL, NULL, NULL, '0', '2025-08-24 20:53:14', '2025-08-24 20:53:14', NULL, NULL, NULL, NULL, NULL),
	(316, 'HAPPY GARDEN', NULL, NULL, NULL, NULL, NULL, NULL, NULL, NULL, NULL, NULL, NULL, NULL, NULL, NULL, '0', '2025-08-24 20:53:19', '2025-08-24 20:53:19', NULL, NULL, NULL, NULL, NULL),
	(317, 'KAMPUNG UTAMA 3', NULL, NULL, NULL, NULL, NULL, NULL, NULL, NULL, NULL, NULL, NULL, NULL, NULL, NULL, '0', '2025-08-24 20:53:22', '2025-08-24 20:53:22', NULL, NULL, NULL, NULL, NULL),
	(318, 'PELITA 7', NULL, NULL, NULL, NULL, NULL, NULL, NULL, NULL, NULL, NULL, NULL, NULL, NULL, NULL, '0', '2025-08-24 20:53:41', '2025-08-24 20:53:41', NULL, NULL, NULL, NULL, NULL),
	(319, 'RUKO AKU TAHU 3', NULL, NULL, NULL, NULL, NULL, NULL, NULL, NULL, NULL, NULL, NULL, NULL, NULL, NULL, '0', '2025-08-24 20:53:48', '2025-08-24 20:53:48', NULL, NULL, NULL, NULL, NULL),
	(320, 'PERUM AKU TAHU', NULL, NULL, NULL, NULL, NULL, NULL, NULL, NULL, NULL, NULL, NULL, NULL, NULL, NULL, '0', '2025-08-24 20:53:52', '2025-08-24 20:53:52', NULL, NULL, NULL, NULL, NULL),
	(321, 'SIMPANG MELCEM', NULL, NULL, NULL, NULL, NULL, NULL, NULL, NULL, NULL, NULL, NULL, NULL, NULL, NULL, '0', '2025-08-24 20:53:55', '2025-08-24 20:53:55', NULL, NULL, NULL, NULL, NULL),
	(322, 'TUNAS JAYA', NULL, NULL, NULL, NULL, NULL, NULL, NULL, NULL, NULL, NULL, NULL, NULL, NULL, NULL, '0', '2025-08-24 20:54:03', '2025-08-24 20:54:03', NULL, NULL, NULL, NULL, NULL),
	(323, 'STO TELKOM BALOI', NULL, NULL, NULL, NULL, NULL, NULL, NULL, NULL, NULL, NULL, NULL, NULL, NULL, NULL, '0', '2025-08-24 20:54:16', '2025-08-24 20:54:16', NULL, NULL, NULL, NULL, NULL),
	(324, 'NAGOYA PERGUDANGAN', NULL, NULL, NULL, NULL, NULL, NULL, NULL, NULL, NULL, NULL, NULL, NULL, NULL, NULL, '0', '2025-08-24 20:54:21', '2025-08-24 20:54:21', NULL, NULL, NULL, NULL, NULL),
	(325, 'KOMPLEK INTI SAKTI', NULL, NULL, NULL, NULL, NULL, NULL, NULL, NULL, NULL, NULL, NULL, NULL, NULL, NULL, '1', '2025-08-24 20:54:25', '2025-08-24 20:54:25', NULL, NULL, NULL, NULL, NULL),
	(326, 'ORCHID CENTER', NULL, NULL, NULL, NULL, NULL, NULL, NULL, NULL, NULL, NULL, NULL, NULL, NULL, NULL, '0', '2025-08-24 20:54:28', '2025-08-24 20:54:28', NULL, NULL, NULL, NULL, NULL),
	(327, 'JODOH SQUARE', NULL, NULL, NULL, NULL, NULL, NULL, NULL, NULL, NULL, NULL, NULL, NULL, NULL, NULL, '0', '2025-08-24 20:54:32', '2025-08-24 20:54:32', NULL, NULL, NULL, NULL, NULL),
	(328, 'TJ PANTUN 2', NULL, NULL, NULL, NULL, NULL, NULL, NULL, NULL, NULL, NULL, NULL, NULL, NULL, NULL, '0', '2025-08-24 20:54:35', '2025-08-24 20:54:35', NULL, NULL, NULL, NULL, NULL),
	(329, 'MARITIM SQUARE', NULL, NULL, NULL, NULL, NULL, NULL, NULL, NULL, NULL, NULL, NULL, NULL, NULL, NULL, '0', '2025-08-24 20:54:38', '2025-08-24 20:54:38', NULL, NULL, NULL, NULL, NULL),
	(330, 'CAHAYA GARDEN ', NULL, NULL, NULL, NULL, NULL, NULL, NULL, NULL, NULL, NULL, NULL, NULL, NULL, NULL, '0', '2025-08-24 20:54:41', '2025-08-24 20:54:41', NULL, NULL, NULL, NULL, NULL),
	(331, 'BENGKONG NUSANTARA ', NULL, NULL, NULL, NULL, NULL, NULL, NULL, NULL, NULL, NULL, NULL, NULL, NULL, NULL, '0', '2025-08-24 20:54:44', '2025-08-24 20:54:44', NULL, NULL, NULL, NULL, NULL),
	(332, 'BENGKONG NUSANTARA 2', NULL, NULL, NULL, NULL, NULL, NULL, NULL, NULL, NULL, NULL, NULL, NULL, NULL, NULL, '0', '2025-08-24 20:54:49', '2025-08-24 20:54:49', NULL, NULL, NULL, NULL, NULL),
	(333, 'KAMPUNG DURIAN ', NULL, NULL, NULL, NULL, NULL, NULL, NULL, NULL, NULL, NULL, NULL, NULL, NULL, NULL, '0', '2025-08-24 20:54:54', '2025-08-24 20:54:54', NULL, NULL, NULL, NULL, NULL),
	(334, 'CIPTA PERMATA', NULL, NULL, NULL, NULL, NULL, NULL, NULL, NULL, NULL, NULL, NULL, NULL, NULL, NULL, '0', '2025-08-24 20:55:09', '2025-08-24 20:55:09', NULL, NULL, NULL, NULL, NULL),
	(335, 'CITY POINT', NULL, NULL, NULL, NULL, NULL, NULL, NULL, NULL, NULL, NULL, NULL, NULL, NULL, NULL, '0', '2025-08-24 20:55:13', '2025-08-24 20:55:13', NULL, NULL, NULL, NULL, NULL),
	(336, 'KARATEDO PENUIN', NULL, NULL, NULL, NULL, NULL, NULL, NULL, NULL, NULL, NULL, NULL, NULL, NULL, NULL, '0', '2025-08-24 20:55:17', '2025-08-24 20:55:17', NULL, NULL, NULL, NULL, NULL),
	(337, 'LUCKY PERMAI', NULL, NULL, NULL, NULL, NULL, NULL, NULL, NULL, NULL, NULL, NULL, NULL, NULL, NULL, '0', '2025-08-24 20:55:28', '2025-08-24 20:55:28', NULL, NULL, NULL, NULL, NULL),
	(338, 'MEGA CIPTA', NULL, NULL, NULL, NULL, NULL, NULL, NULL, NULL, NULL, NULL, NULL, NULL, NULL, NULL, '0', '2025-08-24 20:55:44', '2025-08-24 20:55:44', NULL, NULL, NULL, NULL, NULL),
	(339, 'LHK INDUSTRI', NULL, NULL, NULL, NULL, NULL, NULL, NULL, NULL, NULL, NULL, NULL, NULL, NULL, NULL, '0', '2025-08-24 20:55:48', '2025-08-24 20:55:48', NULL, NULL, NULL, NULL, NULL),
	(340, 'PERTAMINA BATU AMPAR', NULL, NULL, NULL, NULL, NULL, NULL, NULL, NULL, NULL, NULL, NULL, NULL, NULL, NULL, '0', '2025-08-24 20:55:55', '2025-08-24 20:55:55', NULL, NULL, NULL, NULL, NULL),
	(341, 'KSB TERING', NULL, NULL, NULL, NULL, NULL, NULL, NULL, NULL, NULL, NULL, NULL, NULL, NULL, NULL, '0', '2025-08-24 20:55:58', '2025-08-24 20:55:58', NULL, NULL, NULL, NULL, NULL),
	(342, 'BOC 2 / LAUNDRY', NULL, NULL, NULL, NULL, NULL, NULL, NULL, NULL, NULL, NULL, NULL, NULL, NULL, NULL, '0', '2025-08-24 20:56:02', '2025-08-24 20:56:02', NULL, NULL, NULL, NULL, NULL),
	(343, 'BATAM OIL CENTER', NULL, NULL, NULL, NULL, NULL, NULL, NULL, NULL, NULL, NULL, NULL, NULL, NULL, NULL, '1', '2025-08-24 20:56:05', '2025-08-24 20:56:05', NULL, NULL, NULL, NULL, NULL),
	(344, 'SARMEN RAYA', NULL, NULL, NULL, NULL, NULL, NULL, NULL, NULL, NULL, NULL, NULL, NULL, NULL, NULL, '0', '2025-08-24 20:56:09', '2025-08-24 20:56:09', NULL, NULL, NULL, NULL, NULL),
	(345, 'BENGKONG CITY', NULL, NULL, NULL, NULL, NULL, NULL, NULL, NULL, NULL, NULL, NULL, NULL, NULL, NULL, '0', '2025-08-24 20:56:13', '2025-08-24 20:56:13', NULL, NULL, NULL, NULL, NULL),
	(346, 'KAV SEI MAS', NULL, NULL, NULL, NULL, NULL, NULL, NULL, NULL, NULL, NULL, NULL, NULL, NULL, NULL, '0', '2025-08-24 20:56:34', '2025-08-24 20:56:34', NULL, NULL, NULL, NULL, NULL),
	(347, 'BLOK 2', NULL, NULL, NULL, NULL, NULL, NULL, NULL, NULL, NULL, NULL, NULL, NULL, NULL, NULL, '0', '2025-08-24 20:56:39', '2025-08-24 20:56:39', NULL, NULL, NULL, NULL, NULL),
	(348, 'BLOK 6', NULL, NULL, NULL, NULL, NULL, NULL, NULL, NULL, NULL, NULL, NULL, NULL, NULL, NULL, '0', '2025-08-24 20:56:46', '2025-08-24 20:56:46', NULL, NULL, NULL, NULL, NULL),
	(349, 'BENGKONG PALAPA SWADAYA', NULL, NULL, NULL, NULL, NULL, NULL, NULL, NULL, NULL, NULL, NULL, NULL, NULL, NULL, '0', '2025-08-24 20:56:51', '2025-08-24 20:56:51', NULL, NULL, NULL, NULL, NULL),
	(350, 'BALOI BEA CUKAI 2', NULL, NULL, NULL, NULL, NULL, NULL, NULL, NULL, NULL, NULL, NULL, NULL, NULL, NULL, '0', '2025-08-24 20:56:55', '2025-08-24 20:56:55', NULL, NULL, NULL, NULL, NULL),
	(351, 'BIDA TERING POSYANDU', NULL, NULL, NULL, NULL, NULL, NULL, NULL, NULL, NULL, NULL, NULL, NULL, NULL, NULL, '0', '2025-08-24 20:56:58', '2025-08-24 20:56:58', NULL, NULL, NULL, NULL, NULL),
	(352, 'KAV BIDA TERING', NULL, NULL, NULL, NULL, NULL, NULL, NULL, NULL, NULL, NULL, NULL, NULL, NULL, NULL, '0', '2025-08-24 20:57:01', '2025-08-24 20:57:01', NULL, NULL, NULL, NULL, NULL),
	(353, 'REGENCY PARK', NULL, NULL, NULL, NULL, NULL, NULL, NULL, NULL, NULL, NULL, NULL, NULL, NULL, NULL, '0', '2025-08-24 20:57:05', '2025-08-24 20:57:05', NULL, NULL, NULL, NULL, NULL),
	(354, 'TELKOM PELITA', NULL, NULL, NULL, NULL, NULL, NULL, NULL, NULL, NULL, NULL, NULL, NULL, NULL, NULL, '0', '2025-08-24 20:57:12', '2025-08-24 20:57:12', NULL, NULL, NULL, NULL, NULL),
	(355, 'PUSKESMAS', NULL, NULL, NULL, NULL, NULL, NULL, NULL, NULL, NULL, NULL, NULL, NULL, NULL, NULL, '0', '2025-08-24 20:57:15', '2025-08-24 20:57:15', NULL, NULL, NULL, NULL, NULL),
	(356, 'BINA WIBAWA', NULL, NULL, NULL, NULL, NULL, NULL, NULL, NULL, NULL, NULL, NULL, NULL, NULL, NULL, '0', '2025-08-24 20:57:18', '2025-08-24 20:57:18', NULL, NULL, NULL, NULL, NULL),
	(357, 'KAV BATU MERAH', NULL, NULL, NULL, NULL, NULL, NULL, NULL, NULL, NULL, NULL, NULL, NULL, NULL, NULL, '0', '2025-08-24 20:57:21', '2025-08-24 20:57:21', NULL, NULL, NULL, NULL, NULL),
	(358, 'BENGKONG MAHKOTA BLOK C', NULL, NULL, NULL, NULL, NULL, NULL, NULL, NULL, NULL, NULL, NULL, NULL, NULL, NULL, '0', '2025-08-24 20:57:24', '2025-08-24 20:57:24', NULL, NULL, NULL, NULL, NULL),
	(359, 'PANTAI GADING ', NULL, NULL, NULL, NULL, NULL, NULL, NULL, NULL, NULL, NULL, NULL, NULL, NULL, NULL, '0', '2025-08-24 20:57:32', '2025-08-24 20:57:32', NULL, NULL, NULL, NULL, NULL),
	(360, 'PANTAI GADING 2', NULL, NULL, NULL, NULL, NULL, NULL, NULL, NULL, NULL, NULL, NULL, NULL, NULL, NULL, '1', '2025-08-24 20:57:37', '2025-08-24 20:57:37', NULL, NULL, NULL, NULL, NULL),
	(361, 'KAV TANJUNG BUNTUNG', NULL, NULL, NULL, NULL, NULL, NULL, NULL, NULL, NULL, NULL, NULL, NULL, NULL, NULL, '0', '2025-08-24 20:57:54', '2025-08-24 20:57:54', NULL, NULL, NULL, NULL, NULL),
	(362, 'GD BAHANA GALANG JAYA', NULL, NULL, NULL, NULL, NULL, NULL, NULL, NULL, NULL, NULL, NULL, NULL, NULL, NULL, '0', '2025-08-24 20:57:57', '2025-08-24 20:57:57', NULL, NULL, NULL, NULL, NULL),
	(363, 'GD SAKURA GARDEN', NULL, NULL, NULL, NULL, NULL, NULL, NULL, NULL, NULL, NULL, NULL, NULL, NULL, NULL, '0', '2025-08-24 20:58:01', '2025-08-24 20:58:01', NULL, NULL, NULL, NULL, NULL),
	(364, 'GD PURI GARDEN', NULL, NULL, NULL, NULL, NULL, NULL, NULL, NULL, NULL, NULL, NULL, NULL, NULL, NULL, '0', '2025-08-24 20:58:05', '2025-08-24 20:58:05', NULL, NULL, NULL, NULL, NULL),
	(365, 'GD PASAR INDUK JODOH', NULL, NULL, NULL, NULL, NULL, NULL, NULL, NULL, NULL, NULL, NULL, NULL, NULL, NULL, '1', '2025-08-24 20:58:12', '2025-08-24 20:58:12', NULL, NULL, NULL, NULL, NULL),
	(366, 'CITY WALK RUKO', NULL, NULL, NULL, NULL, NULL, NULL, NULL, NULL, NULL, NULL, NULL, NULL, NULL, NULL, '0', '2025-08-24 20:58:17', '2025-08-24 20:58:17', NULL, NULL, NULL, NULL, NULL),
	(367, 'PERUM GLORY HOME', NULL, NULL, NULL, NULL, NULL, NULL, NULL, NULL, NULL, NULL, NULL, NULL, NULL, NULL, '0', '2025-08-24 20:58:20', '2025-08-24 20:58:20', NULL, NULL, NULL, NULL, NULL),
	(368, 'HARAPAN SWADAYA', NULL, NULL, NULL, NULL, NULL, NULL, NULL, NULL, NULL, NULL, NULL, NULL, NULL, NULL, '0', '2025-08-24 20:58:23', '2025-08-24 20:58:23', NULL, NULL, NULL, NULL, NULL),
	(369, 'GD LYTECH 2', NULL, NULL, NULL, NULL, NULL, NULL, NULL, NULL, NULL, NULL, NULL, NULL, NULL, NULL, '0', '2025-08-24 20:58:26', '2025-08-24 20:58:26', NULL, NULL, NULL, NULL, NULL),
	(370, 'TELAGA INDAH', NULL, NULL, NULL, NULL, NULL, NULL, NULL, NULL, NULL, NULL, NULL, NULL, NULL, NULL, '0', '2025-08-24 20:58:29', '2025-08-24 20:58:29', NULL, NULL, NULL, NULL, NULL),
	(371, 'PERMATA BALOI', NULL, NULL, NULL, NULL, NULL, NULL, NULL, NULL, NULL, NULL, NULL, NULL, NULL, NULL, '0', '2025-08-24 20:58:33', '2025-08-24 20:58:33', NULL, NULL, NULL, NULL, NULL),
	(372, ' BALOI ABADI', NULL, NULL, NULL, NULL, NULL, NULL, NULL, NULL, NULL, NULL, NULL, NULL, NULL, NULL, '0', '2025-08-24 20:58:37', '2025-08-24 20:58:37', NULL, NULL, NULL, NULL, NULL),
	(373, ' RADEN PATAH', NULL, NULL, NULL, NULL, NULL, NULL, NULL, NULL, NULL, NULL, NULL, NULL, NULL, NULL, '0', '2025-08-24 20:58:40', '2025-08-24 20:58:40', NULL, NULL, NULL, NULL, NULL),
	(374, 'PERUM PERSERO', NULL, NULL, NULL, NULL, NULL, NULL, NULL, NULL, NULL, NULL, NULL, NULL, NULL, NULL, '0', '2025-08-24 20:58:43', '2025-08-24 20:58:43', NULL, NULL, NULL, NULL, NULL),
	(375, 'PERUM PALEM RAYA', NULL, NULL, NULL, NULL, NULL, NULL, NULL, NULL, NULL, NULL, NULL, NULL, NULL, NULL, '0', '2025-08-24 20:58:46', '2025-08-24 20:58:46', NULL, NULL, NULL, NULL, NULL),
	(376, 'PERUM SENGKUANG RAYA', NULL, NULL, NULL, NULL, NULL, NULL, NULL, NULL, NULL, NULL, NULL, NULL, NULL, NULL, '0', '2025-08-24 20:58:49', '2025-08-24 20:58:49', NULL, NULL, NULL, NULL, NULL),
	(377, ' GARDEN MUREN', NULL, NULL, NULL, NULL, NULL, NULL, NULL, NULL, NULL, NULL, NULL, NULL, NULL, NULL, '0', '2025-08-24 20:58:56', '2025-08-24 20:58:56', NULL, NULL, NULL, NULL, NULL),
	(378, ' SENGKUANG UJUNG', NULL, NULL, NULL, NULL, NULL, NULL, NULL, NULL, NULL, NULL, NULL, NULL, NULL, NULL, '0', '2025-08-24 20:59:00', '2025-08-24 20:59:00', NULL, NULL, NULL, NULL, NULL),
	(379, 'DAENG PARAGA', NULL, NULL, NULL, NULL, NULL, NULL, NULL, NULL, NULL, NULL, NULL, NULL, NULL, NULL, '0', '2025-08-24 20:59:08', '2025-08-24 20:59:08', NULL, NULL, NULL, NULL, NULL),
	(380, 'SMP 10 SEI PANAS', NULL, NULL, NULL, NULL, NULL, NULL, NULL, NULL, NULL, NULL, NULL, NULL, NULL, NULL, '0', '2025-08-24 20:59:11', '2025-08-24 20:59:11', NULL, NULL, NULL, NULL, NULL),
	(381, 'PONDOK ASRI', NULL, NULL, NULL, NULL, NULL, NULL, NULL, NULL, NULL, NULL, NULL, NULL, NULL, NULL, '0', '2025-08-24 20:59:34', '2025-08-24 20:59:34', NULL, NULL, NULL, NULL, NULL),
	(382, 'PERUM NUSA JAYA', NULL, NULL, NULL, NULL, NULL, NULL, NULL, NULL, NULL, NULL, NULL, NULL, NULL, NULL, '0', '2025-08-24 20:59:40', '2025-08-24 20:59:40', NULL, NULL, NULL, NULL, NULL),
	(383, ' TG UMA 2', NULL, NULL, NULL, NULL, NULL, NULL, NULL, NULL, NULL, NULL, NULL, NULL, NULL, NULL, '0', '2025-08-24 20:59:44', '2025-08-24 20:59:44', NULL, NULL, NULL, NULL, NULL),
	(384, ' TG UMA 1', NULL, NULL, NULL, NULL, NULL, NULL, NULL, NULL, NULL, NULL, NULL, NULL, NULL, NULL, '0', '2025-08-24 20:59:47', '2025-08-24 20:59:47', NULL, NULL, NULL, NULL, NULL),
	(385, ' TG UMA 3', NULL, NULL, NULL, NULL, NULL, NULL, NULL, NULL, NULL, NULL, NULL, NULL, NULL, NULL, '0', '2025-08-24 20:59:50', '2025-08-24 20:59:50', NULL, NULL, NULL, NULL, NULL),
	(386, ' TG UMA 5', NULL, NULL, NULL, NULL, NULL, NULL, NULL, NULL, NULL, NULL, NULL, NULL, NULL, NULL, '0', '2025-08-24 20:59:53', '2025-08-24 20:59:53', NULL, NULL, NULL, NULL, NULL),
	(387, ' TG UMA 4', NULL, NULL, NULL, NULL, NULL, NULL, NULL, NULL, NULL, NULL, NULL, NULL, NULL, NULL, '0', '2025-08-24 20:59:57', '2025-08-24 20:59:57', NULL, NULL, NULL, NULL, NULL),
	(388, 'PERUM TERING RAYA', NULL, NULL, NULL, NULL, NULL, NULL, NULL, NULL, NULL, NULL, NULL, NULL, NULL, NULL, '0', '2025-08-24 21:00:17', '2025-08-24 21:00:17', NULL, NULL, NULL, NULL, NULL),
	(389, 'AIR RAJA', NULL, NULL, NULL, NULL, NULL, NULL, NULL, NULL, NULL, NULL, NULL, NULL, NULL, NULL, '0', '2025-08-24 21:00:34', '2025-08-24 21:00:34', NULL, NULL, NULL, NULL, NULL),
	(390, ' SEI TERING BLOK P', NULL, NULL, NULL, NULL, NULL, NULL, NULL, NULL, NULL, NULL, NULL, NULL, NULL, NULL, '0', '2025-08-24 21:00:39', '2025-08-24 21:00:39', NULL, NULL, NULL, NULL, NULL),
	(391, ' AP NAGOYA', NULL, NULL, NULL, NULL, NULL, NULL, NULL, NULL, NULL, NULL, NULL, NULL, NULL, NULL, '0', '2025-08-24 21:00:42', '2025-08-24 21:00:42', NULL, NULL, NULL, NULL, NULL),
	(392, 'RUKO PENUIN', NULL, NULL, NULL, NULL, NULL, NULL, NULL, NULL, NULL, NULL, NULL, NULL, NULL, NULL, '0', '2025-08-24 21:00:46', '2025-08-24 21:00:46', NULL, NULL, NULL, NULL, NULL),
	(393, ' BENGKONG SEKEN', NULL, NULL, NULL, NULL, NULL, NULL, NULL, NULL, NULL, NULL, NULL, NULL, NULL, NULL, '0', '2025-08-24 21:00:49', '2025-08-24 21:00:49', NULL, NULL, NULL, NULL, NULL),
	(394, ' GOLDEN PRAWN BALL ROOM', NULL, NULL, NULL, NULL, NULL, NULL, NULL, NULL, NULL, NULL, NULL, NULL, NULL, NULL, '0', '2025-08-24 21:00:54', '2025-08-24 21:00:54', NULL, NULL, NULL, NULL, NULL),
	(395, ' BENGKONG HARAPAN BLOK F', NULL, NULL, NULL, NULL, NULL, NULL, NULL, NULL, NULL, NULL, NULL, NULL, NULL, NULL, '0', '2025-08-24 21:00:58', '2025-08-24 21:00:58', NULL, NULL, NULL, NULL, NULL),
	(396, ' BENGKONG HRP 2 BLOK M', NULL, NULL, NULL, NULL, NULL, NULL, NULL, NULL, NULL, NULL, NULL, NULL, NULL, NULL, '0', '2025-08-24 21:01:01', '2025-08-24 21:01:01', NULL, NULL, NULL, NULL, NULL),
	(397, ' BENGKONG HRP 2 BAWAH', NULL, NULL, NULL, NULL, NULL, NULL, NULL, NULL, NULL, NULL, NULL, NULL, NULL, NULL, '0', '2025-08-24 21:01:04', '2025-08-24 21:01:04', NULL, NULL, NULL, NULL, NULL),
	(398, ' PESONA MANTANG', NULL, NULL, NULL, NULL, NULL, NULL, NULL, NULL, NULL, NULL, NULL, NULL, NULL, NULL, '0', '2025-08-24 21:01:07', '2025-08-24 21:01:07', NULL, NULL, NULL, NULL, NULL),
	(399, ' BENGKONG PERTIWI', NULL, NULL, NULL, NULL, NULL, NULL, NULL, NULL, NULL, NULL, NULL, NULL, NULL, NULL, '0', '2025-08-24 21:01:51', '2025-08-24 21:01:51', NULL, NULL, NULL, NULL, NULL),
	(400, ' BENGKONG PBN', NULL, NULL, NULL, NULL, NULL, NULL, NULL, NULL, NULL, NULL, NULL, NULL, NULL, NULL, '0', '2025-08-24 21:01:54', '2025-08-24 21:01:54', NULL, NULL, NULL, NULL, NULL),
	(401, ' GRAHA MOTOR', NULL, NULL, NULL, NULL, NULL, NULL, NULL, NULL, NULL, NULL, NULL, NULL, NULL, NULL, '0', '2025-08-24 21:01:57', '2025-08-24 21:01:57', NULL, NULL, NULL, NULL, NULL),
	(402, ' HARBOUR VIEW', NULL, NULL, NULL, NULL, NULL, NULL, NULL, NULL, NULL, NULL, NULL, NULL, NULL, NULL, '0', '2025-08-24 21:02:00', '2025-08-24 21:02:00', NULL, NULL, NULL, NULL, NULL),
	(403, ' RUSUN BT AMPAR LANCANG KUNING', NULL, NULL, NULL, NULL, NULL, NULL, NULL, NULL, NULL, NULL, NULL, NULL, NULL, NULL, '0', '2025-08-24 21:02:04', '2025-08-24 21:02:04', NULL, NULL, NULL, NULL, NULL),
	(404, ' GUDANG KARTIKA', NULL, NULL, NULL, NULL, NULL, NULL, NULL, NULL, NULL, NULL, NULL, NULL, NULL, NULL, '0', '2025-08-24 21:02:06', '2025-08-24 21:02:06', NULL, NULL, NULL, NULL, NULL),
	(405, ' TOWNHOUSE ANGGREK PERMAI', NULL, NULL, NULL, NULL, NULL, NULL, NULL, NULL, NULL, NULL, NULL, NULL, NULL, NULL, '0', '2025-08-24 21:02:11', '2025-08-24 21:02:11', NULL, NULL, NULL, NULL, NULL),
	(406, ' PERUM KEZIA', NULL, NULL, NULL, NULL, NULL, NULL, NULL, NULL, NULL, NULL, NULL, NULL, NULL, NULL, '0', '2025-08-24 21:02:17', '2025-08-24 21:02:17', NULL, NULL, NULL, NULL, NULL),
	(407, 'TAMAN GOLF III', NULL, NULL, NULL, NULL, NULL, NULL, NULL, NULL, NULL, NULL, NULL, NULL, NULL, NULL, '0', '2025-08-24 21:02:20', '2025-08-24 21:02:20', NULL, NULL, NULL, NULL, NULL),
	(408, 'HOTEL ASTON', NULL, NULL, NULL, NULL, NULL, NULL, NULL, NULL, NULL, NULL, NULL, NULL, NULL, NULL, '1', '2025-08-24 21:02:23', '2025-08-24 21:02:23', NULL, NULL, NULL, NULL, NULL),
	(409, 'TIBAN MANSION', NULL, NULL, NULL, NULL, NULL, NULL, NULL, NULL, NULL, NULL, NULL, NULL, NULL, NULL, '0', '2025-08-24 21:02:27', '2025-08-24 21:02:27', NULL, NULL, NULL, NULL, NULL),
	(410, 'PAL.BATU AMPAR', NULL, NULL, NULL, NULL, NULL, NULL, NULL, NULL, NULL, NULL, NULL, NULL, NULL, NULL, '0', '2025-08-24 21:02:30', '2025-08-24 21:02:30', NULL, NULL, NULL, NULL, NULL),
	(411, 'BKG INDAH ATAS', NULL, NULL, NULL, NULL, NULL, NULL, NULL, NULL, NULL, NULL, NULL, NULL, NULL, NULL, '0', '2025-08-24 21:02:34', '2025-08-24 21:02:34', NULL, NULL, NULL, NULL, NULL),
	(412, 'BENGKONG INDAH BAWAH', NULL, NULL, NULL, NULL, NULL, NULL, NULL, NULL, NULL, NULL, NULL, NULL, NULL, NULL, '0', '2025-08-24 21:02:37', '2025-08-24 21:02:37', NULL, NULL, NULL, NULL, NULL),
	(413, 'VILLA MAS', NULL, NULL, NULL, NULL, NULL, NULL, NULL, NULL, NULL, NULL, NULL, NULL, NULL, NULL, '0', '2025-08-24 21:02:40', '2025-08-24 21:02:40', NULL, NULL, NULL, NULL, NULL),
	(414, 'KAMPUNG BOYAN', NULL, NULL, NULL, NULL, NULL, NULL, NULL, NULL, NULL, NULL, NULL, NULL, NULL, NULL, '0', '2025-08-24 21:02:50', '2025-08-24 21:02:50', NULL, NULL, NULL, NULL, NULL),
	(415, 'BENGKONG INDAH SWADAYA BLK D', NULL, NULL, NULL, NULL, NULL, NULL, NULL, NULL, NULL, NULL, NULL, NULL, NULL, NULL, '0', '2025-08-24 21:02:56', '2025-08-24 21:02:56', NULL, NULL, NULL, NULL, NULL),
	(416, 'KAVLING SWADAYA', NULL, NULL, NULL, NULL, NULL, NULL, NULL, NULL, NULL, NULL, NULL, NULL, NULL, NULL, '0', '2025-08-24 21:03:01', '2025-08-24 21:03:01', NULL, NULL, NULL, NULL, NULL),
	(417, 'BENGKONG KOLAM 3', NULL, NULL, NULL, NULL, NULL, NULL, NULL, NULL, NULL, NULL, NULL, NULL, NULL, NULL, '0', '2025-08-24 21:03:04', '2025-08-24 21:03:04', NULL, NULL, NULL, NULL, NULL),
	(418, 'BENGKONG KOLAM 1', NULL, NULL, NULL, NULL, NULL, NULL, NULL, NULL, NULL, NULL, NULL, NULL, NULL, NULL, '0', '2025-08-24 21:03:07', '2025-08-24 21:03:07', NULL, NULL, NULL, NULL, NULL),
	(419, 'BENGKONG KOLAM 2', NULL, NULL, NULL, NULL, NULL, NULL, NULL, NULL, NULL, NULL, NULL, NULL, NULL, NULL, '0', '2025-08-24 21:03:10', '2025-08-24 21:03:10', NULL, NULL, NULL, NULL, NULL),
	(420, 'BENGKONG KOLAM 5', NULL, NULL, NULL, NULL, NULL, NULL, NULL, NULL, NULL, NULL, NULL, NULL, NULL, NULL, '0', '2025-08-24 21:03:13', '2025-08-24 21:03:13', NULL, NULL, NULL, NULL, NULL),
	(421, ' PERUM KELANA JAYA 2', NULL, NULL, NULL, NULL, NULL, NULL, NULL, NULL, NULL, NULL, NULL, NULL, NULL, NULL, '0', '2025-08-24 21:03:15', '2025-08-24 21:03:15', NULL, NULL, NULL, NULL, NULL),
	(422, 'BENGKONG SADAI', NULL, NULL, NULL, NULL, NULL, NULL, NULL, NULL, NULL, NULL, NULL, NULL, NULL, NULL, '0', '2025-08-24 21:03:18', '2025-08-24 21:03:18', NULL, NULL, NULL, NULL, NULL),
	(423, 'BENGKONG KOLAM 4 POSYANDU', NULL, NULL, NULL, NULL, NULL, NULL, NULL, NULL, NULL, NULL, NULL, NULL, NULL, NULL, '0', '2025-08-24 21:03:21', '2025-08-24 21:03:21', NULL, NULL, NULL, NULL, NULL),
	(424, ' KAV SEI NAYON', NULL, NULL, NULL, NULL, NULL, NULL, NULL, NULL, NULL, NULL, NULL, NULL, NULL, NULL, '0', '2025-08-24 21:03:25', '2025-08-24 21:03:25', NULL, NULL, NULL, NULL, NULL),
	(425, 'BENGKONG BENGKEL', NULL, NULL, NULL, NULL, NULL, NULL, NULL, NULL, NULL, NULL, NULL, NULL, NULL, NULL, '0', '2025-08-24 21:03:29', '2025-08-24 21:03:29', NULL, NULL, NULL, NULL, NULL),
	(426, 'WATER BOOM', NULL, NULL, NULL, NULL, NULL, NULL, NULL, NULL, NULL, NULL, NULL, NULL, NULL, NULL, '0', '2025-08-24 21:03:33', '2025-08-24 21:03:33', NULL, NULL, NULL, NULL, NULL),
	(427, 'PALM BEACH', NULL, NULL, NULL, NULL, NULL, NULL, NULL, NULL, NULL, NULL, NULL, NULL, NULL, NULL, '0', '2025-08-24 21:03:36', '2025-08-24 21:03:36', NULL, NULL, NULL, NULL, NULL),
	(428, 'KOPI TIAM', NULL, NULL, NULL, NULL, NULL, NULL, NULL, NULL, NULL, NULL, NULL, NULL, NULL, NULL, '0', '2025-08-24 21:03:40', '2025-08-24 21:03:40', NULL, NULL, NULL, NULL, NULL),
	(429, 'PERSERO', NULL, NULL, NULL, NULL, NULL, NULL, NULL, NULL, NULL, NULL, NULL, NULL, NULL, NULL, '0', '2025-08-24 21:03:50', '2025-08-24 21:03:50', NULL, NULL, NULL, NULL, NULL),
	(430, 'TANJUNG PIAYU LAUT', NULL, NULL, NULL, NULL, NULL, NULL, NULL, NULL, NULL, NULL, NULL, NULL, NULL, NULL, '0', '2025-08-24 21:03:54', '2025-08-24 21:03:54', NULL, NULL, NULL, NULL, NULL),
	(431, 'BUKIT LAGUNA THP II', NULL, NULL, NULL, NULL, NULL, NULL, NULL, NULL, NULL, NULL, NULL, NULL, NULL, NULL, '0', '2025-08-24 21:03:58', '2025-08-24 21:03:58', NULL, NULL, NULL, NULL, NULL),
	(432, 'MODENA', NULL, NULL, NULL, NULL, NULL, NULL, NULL, NULL, NULL, NULL, NULL, NULL, NULL, NULL, '0', '2025-08-24 21:04:03', '2025-08-24 21:04:03', NULL, NULL, NULL, NULL, NULL),
	(433, 'CITY POINT', NULL, NULL, NULL, NULL, NULL, NULL, NULL, NULL, NULL, NULL, NULL, NULL, NULL, NULL, '0', '2025-08-24 21:04:32', '2025-08-24 21:04:32', NULL, NULL, NULL, NULL, NULL),
	(434, 'PERUM CIPTA REGENCY', NULL, NULL, NULL, NULL, NULL, NULL, NULL, NULL, NULL, NULL, NULL, NULL, NULL, NULL, '0', '2025-08-24 21:04:56', '2025-08-24 21:04:56', NULL, NULL, NULL, NULL, NULL),
	(435, 'PESONA BUKIT LAGUNA ', NULL, NULL, NULL, NULL, NULL, NULL, NULL, NULL, NULL, NULL, NULL, NULL, NULL, NULL, '0', '2025-08-24 21:04:59', '2025-08-24 21:04:59', NULL, NULL, NULL, NULL, NULL),
	(436, 'WINDSOR', NULL, NULL, NULL, NULL, NULL, NULL, NULL, NULL, NULL, NULL, NULL, NULL, NULL, NULL, '0', '2025-08-24 21:05:05', '2025-08-24 21:05:05', NULL, NULL, NULL, NULL, NULL),
	(437, 'KOMPLEK WINDSOR CENTRAL', NULL, NULL, NULL, NULL, NULL, NULL, NULL, NULL, NULL, NULL, NULL, NULL, NULL, NULL, '0', '2025-08-24 21:05:08', '2025-08-24 21:05:08', NULL, NULL, NULL, NULL, NULL),
	(438, 'NAGOYA NEWTOWN', NULL, NULL, NULL, NULL, NULL, NULL, NULL, NULL, NULL, NULL, NULL, NULL, NULL, NULL, '1', '2025-08-24 21:05:12', '2025-08-24 21:05:12', NULL, NULL, NULL, NULL, NULL),
	(439, ' PLANET TM', NULL, NULL, NULL, NULL, NULL, NULL, NULL, NULL, NULL, NULL, NULL, NULL, NULL, NULL, '1', '2025-08-24 21:05:15', '2025-08-24 21:05:15', NULL, NULL, NULL, NULL, NULL),
	(440, 'ELNUSA', NULL, NULL, NULL, NULL, NULL, NULL, NULL, NULL, NULL, NULL, NULL, NULL, NULL, NULL, '0', '2025-08-24 21:05:19', '2025-08-24 21:05:19', NULL, NULL, NULL, NULL, NULL),
	(441, 'SUPERMALL / CITRA SUPERMALL', NULL, NULL, NULL, NULL, NULL, NULL, NULL, NULL, NULL, NULL, NULL, NULL, NULL, NULL, '0', '2025-08-24 21:05:22', '2025-08-24 21:05:22', NULL, NULL, NULL, NULL, NULL),
	(442, '\'GEDUNG KARAOKE', NULL, NULL, NULL, NULL, NULL, NULL, NULL, NULL, NULL, NULL, NULL, NULL, NULL, NULL, '1', '2025-08-24 21:05:25', '2025-08-24 21:05:25', NULL, NULL, NULL, NULL, NULL),
	(443, 'PR PASIR PUTIH RESIDENCE / PR PASIR PUTIH', NULL, NULL, NULL, NULL, NULL, NULL, NULL, NULL, NULL, NULL, NULL, NULL, NULL, NULL, '0', '2025-08-24 21:05:29', '2025-08-24 21:05:29', NULL, NULL, NULL, NULL, NULL),
	(444, 'PR VICTORY RESIDENCE / VIKTORY RESIDEN', NULL, NULL, NULL, NULL, NULL, NULL, NULL, NULL, NULL, NULL, NULL, NULL, NULL, NULL, '0', '2025-08-24 21:05:40', '2025-08-24 21:05:40', NULL, NULL, NULL, NULL, NULL),
	(445, 'NICO RESIDENCE', NULL, NULL, NULL, NULL, NULL, NULL, NULL, NULL, NULL, NULL, NULL, NULL, NULL, NULL, '0', '2025-08-24 21:06:43', '2025-08-24 21:06:43', NULL, NULL, NULL, NULL, NULL),
	(446, 'KOMPLEK BANDAR MAS', NULL, NULL, NULL, NULL, NULL, NULL, NULL, NULL, NULL, NULL, NULL, NULL, NULL, NULL, '0', '2025-08-24 21:06:48', '2025-08-24 21:06:48', NULL, NULL, NULL, NULL, NULL),
	(447, 'RUKO REPINDO SEI PANAS', NULL, NULL, NULL, NULL, NULL, NULL, NULL, NULL, NULL, NULL, NULL, NULL, NULL, NULL, '0', '2025-08-24 21:06:53', '2025-08-24 21:06:53', NULL, NULL, NULL, NULL, NULL),
	(448, 'SPORT HALL / STADION', NULL, NULL, NULL, NULL, NULL, NULL, NULL, NULL, NULL, NULL, NULL, NULL, NULL, NULL, '0', '2025-08-24 21:06:58', '2025-08-24 21:06:58', NULL, NULL, NULL, NULL, NULL),
	(449, 'BENGKONG CITY BLOK J/HOTEL GOLDEN BAY', NULL, NULL, NULL, NULL, NULL, NULL, NULL, NULL, NULL, NULL, NULL, NULL, NULL, NULL, '0', '2025-08-24 21:07:01', '2025-08-24 21:07:01', NULL, NULL, NULL, NULL, NULL),
	(450, 'TG.TRISAKTI 2', NULL, NULL, NULL, NULL, NULL, NULL, NULL, NULL, NULL, NULL, NULL, NULL, NULL, NULL, '0', '2025-08-24 21:07:05', '2025-08-24 21:07:05', NULL, NULL, NULL, NULL, NULL),
	(451, 'NAGOYA HILL 1', NULL, NULL, NULL, NULL, NULL, NULL, NULL, NULL, NULL, NULL, NULL, NULL, NULL, NULL, '0', '2025-08-24 21:07:10', '2025-08-24 21:07:10', NULL, NULL, NULL, NULL, NULL),
	(452, 'NAGOYA HILL 2', NULL, NULL, NULL, NULL, NULL, NULL, NULL, NULL, NULL, NULL, NULL, NULL, NULL, NULL, '0', '2025-08-24 21:07:14', '2025-08-24 21:07:14', NULL, NULL, NULL, NULL, NULL),
	(453, 'BUKIT NAGOYA HOTEL', NULL, NULL, NULL, NULL, NULL, NULL, NULL, NULL, NULL, NULL, NULL, NULL, NULL, NULL, '0', '2025-08-24 21:07:42', '2025-08-24 21:07:42', NULL, NULL, NULL, NULL, NULL),
	(454, 'HANSA', NULL, NULL, NULL, NULL, NULL, NULL, NULL, NULL, NULL, NULL, NULL, NULL, NULL, NULL, '0', '2025-08-24 21:07:50', '2025-08-24 21:07:50', NULL, NULL, NULL, NULL, NULL),
	(455, 'LUCKY HILL', NULL, NULL, NULL, NULL, NULL, NULL, NULL, NULL, NULL, NULL, NULL, NULL, NULL, NULL, '0', '2025-08-24 21:07:56', '2025-08-24 21:07:56', NULL, NULL, NULL, NULL, NULL),
	(456, 'BALOI IMPIAN', NULL, NULL, NULL, NULL, NULL, NULL, NULL, NULL, NULL, NULL, NULL, NULL, NULL, NULL, '0', '2025-08-24 21:08:26', '2025-08-24 21:08:26', NULL, NULL, NULL, NULL, NULL),
	(457, 'PERUM LUCKY VIEW', NULL, NULL, NULL, NULL, NULL, NULL, NULL, NULL, NULL, NULL, NULL, NULL, NULL, NULL, '0', '2025-08-24 21:08:54', '2025-08-24 21:08:54', NULL, NULL, NULL, NULL, NULL),
	(458, 'PIONEER JODOH', NULL, NULL, NULL, NULL, NULL, NULL, NULL, NULL, NULL, NULL, NULL, NULL, NULL, NULL, '0', '2025-08-24 21:08:57', '2025-08-24 21:08:57', NULL, NULL, NULL, NULL, NULL),
	(459, 'SMP 4', NULL, NULL, NULL, NULL, NULL, NULL, NULL, NULL, NULL, NULL, NULL, NULL, NULL, NULL, '0', '2025-08-24 21:09:25', '2025-08-24 21:09:25', NULL, NULL, NULL, NULL, NULL),
	(460, 'KOMPLEK BUMI AYU ', NULL, NULL, NULL, NULL, NULL, NULL, NULL, NULL, NULL, NULL, NULL, NULL, NULL, NULL, '0', '2025-08-24 21:09:33', '2025-08-24 21:09:33', NULL, NULL, NULL, NULL, NULL),
	(461, 'KOMPLEK NIAGA MAS', NULL, NULL, NULL, NULL, NULL, NULL, NULL, NULL, NULL, NULL, NULL, NULL, NULL, NULL, '0', '2025-08-24 21:09:37', '2025-08-24 21:09:37', NULL, NULL, NULL, NULL, NULL),
	(462, 'GRAHA MAS', NULL, NULL, NULL, NULL, NULL, NULL, NULL, NULL, NULL, NULL, NULL, NULL, NULL, NULL, '0', '2025-08-24 21:09:40', '2025-08-24 21:09:40', NULL, NULL, NULL, NULL, NULL),
	(463, 'KAMPUNG UTAMA 2', NULL, NULL, NULL, NULL, NULL, NULL, NULL, NULL, NULL, NULL, NULL, NULL, NULL, NULL, '0', '2025-08-24 21:09:43', '2025-08-24 21:09:43', NULL, NULL, NULL, NULL, NULL),
	(464, 'SISIP EX BANK MANDIRI', NULL, NULL, NULL, NULL, NULL, NULL, NULL, NULL, NULL, NULL, NULL, NULL, NULL, NULL, '0', '2025-08-24 21:09:47', '2025-08-24 21:09:47', NULL, NULL, NULL, NULL, NULL),
	(465, 'CASABLANCA', NULL, NULL, NULL, NULL, NULL, NULL, NULL, NULL, NULL, NULL, NULL, NULL, NULL, NULL, '0', '2025-08-24 21:09:52', '2025-08-24 21:09:52', NULL, NULL, NULL, NULL, NULL),
	(466, 'WAHANA CITRA', NULL, NULL, NULL, NULL, NULL, NULL, NULL, NULL, NULL, NULL, NULL, NULL, NULL, NULL, '0', '2025-08-24 21:10:01', '2025-08-24 21:10:01', NULL, NULL, NULL, NULL, NULL),
	(467, 'KODIM', NULL, NULL, NULL, NULL, NULL, NULL, NULL, NULL, NULL, NULL, NULL, NULL, NULL, NULL, '0', '2025-08-24 21:10:04', '2025-08-24 21:10:04', NULL, NULL, NULL, NULL, NULL),
	(468, 'TRI PUTRA JAYA', NULL, NULL, NULL, NULL, NULL, NULL, NULL, NULL, NULL, NULL, NULL, NULL, NULL, NULL, '0', '2025-08-24 21:10:08', '2025-08-24 21:10:08', NULL, NULL, NULL, NULL, NULL),
	(469, 'PURA', NULL, NULL, NULL, NULL, NULL, NULL, NULL, NULL, NULL, NULL, NULL, NULL, NULL, NULL, '0', '2025-08-24 21:10:11', '2025-08-24 21:10:11', NULL, NULL, NULL, NULL, NULL),
	(470, 'RAMCO', NULL, NULL, NULL, NULL, NULL, NULL, NULL, NULL, NULL, NULL, NULL, NULL, NULL, NULL, '0', '2025-08-24 21:10:21', '2025-08-24 21:10:21', NULL, NULL, NULL, NULL, NULL),
	(471, 'BATAM CENTRAL PARK', NULL, NULL, NULL, NULL, NULL, NULL, NULL, NULL, NULL, NULL, NULL, NULL, NULL, NULL, '0', '2025-08-24 21:10:50', '2025-08-24 21:10:50', NULL, NULL, NULL, NULL, NULL),
	(472, 'BATAM CENTRAL PARK', NULL, NULL, NULL, NULL, NULL, NULL, NULL, NULL, NULL, NULL, NULL, NULL, NULL, NULL, '0', '2025-08-24 21:11:01', '2025-08-24 21:11:01', NULL, NULL, NULL, NULL, NULL),
	(473, 'TELUK PANTAIAN 1', NULL, NULL, NULL, NULL, NULL, NULL, NULL, NULL, NULL, NULL, NULL, NULL, NULL, NULL, '0', '2025-08-24 21:11:29', '2025-08-24 21:11:29', NULL, NULL, NULL, NULL, NULL),
	(474, 'RS CASA MEDICAL', NULL, NULL, NULL, NULL, NULL, NULL, NULL, NULL, NULL, NULL, NULL, NULL, NULL, NULL, '0', '2025-08-24 21:11:47', '2025-08-24 21:11:47', NULL, NULL, NULL, NULL, NULL),
	(475, 'GREEN COURT 3', NULL, NULL, NULL, NULL, NULL, NULL, NULL, NULL, NULL, NULL, NULL, NULL, NULL, NULL, '0', '2025-08-24 21:11:51', '2025-08-24 21:11:51', NULL, NULL, NULL, NULL, NULL),
	(476, 'GREEN COURT 2', NULL, NULL, NULL, NULL, NULL, NULL, NULL, NULL, NULL, NULL, NULL, NULL, NULL, NULL, '0', '2025-08-24 21:11:57', '2025-08-24 21:11:57', NULL, NULL, NULL, NULL, NULL),
	(477, 'KOMP TJ  TRISAKTI ', NULL, NULL, NULL, NULL, NULL, NULL, NULL, NULL, NULL, NULL, NULL, NULL, NULL, NULL, '0', '2025-08-24 21:12:00', '2025-08-24 21:12:00', NULL, NULL, NULL, NULL, NULL),
	(478, 'KAMPUNG NELAYAN', NULL, NULL, NULL, NULL, NULL, NULL, NULL, NULL, NULL, NULL, NULL, NULL, NULL, NULL, '0', '2025-08-24 21:12:03', '2025-08-24 21:12:03', NULL, NULL, NULL, NULL, NULL),
	(479, 'PR OSELLA', NULL, NULL, NULL, NULL, NULL, NULL, NULL, NULL, NULL, NULL, NULL, NULL, NULL, NULL, '0', '2025-08-24 21:12:06', '2025-08-24 21:12:06', NULL, NULL, NULL, NULL, NULL),
	(480, 'PORTAL VISTA', NULL, NULL, NULL, NULL, NULL, NULL, NULL, NULL, NULL, NULL, NULL, NULL, NULL, NULL, '0', '2025-08-24 21:12:13', '2025-08-24 21:12:13', NULL, NULL, NULL, NULL, NULL),
	(481, 'STO TELKOM BTA', NULL, NULL, NULL, NULL, NULL, NULL, NULL, NULL, NULL, NULL, NULL, NULL, NULL, NULL, '0', '2025-08-24 21:12:16', '2025-08-24 21:12:16', NULL, NULL, NULL, NULL, NULL),
	(482, 'BCC APARTEMENT', NULL, NULL, NULL, NULL, NULL, NULL, NULL, NULL, NULL, NULL, NULL, NULL, NULL, NULL, '1', '2025-08-24 21:12:20', '2025-08-24 21:12:20', NULL, NULL, NULL, NULL, NULL),
	(483, 'BCS MALL', NULL, NULL, NULL, NULL, NULL, NULL, NULL, NULL, NULL, NULL, NULL, NULL, NULL, NULL, '1', '2025-08-24 21:12:24', '2025-08-24 21:12:24', NULL, NULL, NULL, NULL, NULL),
	(484, 'I HOTEL', NULL, NULL, NULL, NULL, NULL, NULL, NULL, NULL, NULL, NULL, NULL, NULL, NULL, NULL, '1', '2025-08-24 21:12:54', '2025-08-24 21:12:54', NULL, NULL, NULL, NULL, NULL),
	(485, 'ES MAWAR', NULL, NULL, NULL, NULL, NULL, NULL, NULL, NULL, NULL, NULL, NULL, NULL, NULL, NULL, '1', '2025-08-24 21:13:02', '2025-08-24 21:13:02', NULL, NULL, NULL, NULL, NULL),
	(486, 'ISLAND VIEW', NULL, NULL, NULL, NULL, NULL, NULL, NULL, NULL, NULL, NULL, NULL, NULL, NULL, NULL, '1', '2025-08-24 21:13:06', '2025-08-24 21:13:06', NULL, NULL, NULL, NULL, NULL),
	(487, 'HOTEL OASIS', NULL, NULL, NULL, NULL, NULL, NULL, NULL, NULL, NULL, NULL, NULL, NULL, NULL, NULL, '1', '2025-08-24 21:13:35', '2025-08-24 21:13:35', NULL, NULL, NULL, NULL, NULL),
	(488, 'SKY GARDEN', NULL, NULL, NULL, NULL, NULL, NULL, NULL, NULL, NULL, NULL, NULL, NULL, NULL, NULL, '1', '2025-08-24 21:13:41', '2025-08-24 21:13:41', NULL, NULL, NULL, NULL, NULL),
	(489, 'BALOI KESUMA', NULL, NULL, NULL, NULL, NULL, NULL, NULL, NULL, NULL, NULL, NULL, NULL, NULL, NULL, '0', '2025-08-24 21:13:45', '2025-08-24 21:13:45', NULL, NULL, NULL, NULL, NULL),
	(490, 'SARING', NULL, NULL, NULL, NULL, NULL, NULL, NULL, NULL, NULL, NULL, NULL, NULL, NULL, NULL, '1', '2025-08-24 21:13:48', '2025-08-24 21:13:48', NULL, NULL, NULL, NULL, NULL),
	(491, 'ISLAND GARDEN', NULL, NULL, NULL, NULL, NULL, NULL, NULL, NULL, NULL, NULL, NULL, NULL, NULL, NULL, '0', '2025-08-24 21:13:52', '2025-08-24 21:13:52', NULL, NULL, NULL, NULL, NULL),
	(492, 'BCA JODOH', NULL, NULL, NULL, NULL, NULL, NULL, NULL, NULL, NULL, NULL, NULL, NULL, NULL, NULL, '1', '2025-08-24 21:13:56', '2025-08-24 21:13:56', NULL, NULL, NULL, NULL, NULL),
	(493, 'GRAHA GEMILANG', NULL, NULL, NULL, NULL, NULL, NULL, NULL, NULL, NULL, NULL, NULL, NULL, NULL, NULL, '1', '2025-08-24 21:14:01', '2025-08-24 21:14:01', NULL, NULL, NULL, NULL, NULL),
	(494, 'BUKIT PERMATA2', NULL, NULL, NULL, NULL, NULL, NULL, NULL, NULL, NULL, NULL, NULL, NULL, NULL, NULL, '0', '2025-08-24 21:14:05', '2025-08-24 21:14:05', NULL, NULL, NULL, NULL, NULL),
	(495, 'BUKIT PERMATA', NULL, NULL, NULL, NULL, NULL, NULL, NULL, NULL, NULL, NULL, NULL, NULL, NULL, NULL, '0', '2025-08-24 21:14:08', '2025-08-24 21:14:08', NULL, NULL, NULL, NULL, NULL),
	(496, 'RS HARAPAN BUNDA', NULL, NULL, NULL, NULL, NULL, NULL, NULL, NULL, NULL, NULL, NULL, NULL, NULL, NULL, '1', '2025-08-24 21:14:11', '2025-08-24 21:14:11', NULL, NULL, NULL, NULL, NULL),
	(497, 'SERUNI', NULL, NULL, NULL, NULL, NULL, NULL, NULL, NULL, NULL, NULL, NULL, NULL, NULL, NULL, '1', '2025-08-24 21:14:22', '2025-08-24 21:14:22', NULL, NULL, NULL, NULL, NULL),
	(498, 'HI TECH SERAYA', NULL, NULL, NULL, NULL, NULL, NULL, NULL, NULL, NULL, NULL, NULL, NULL, NULL, NULL, '1', '2025-08-24 21:14:28', '2025-08-24 21:14:28', NULL, NULL, NULL, NULL, NULL),
	(499, 'BUDI KEMULIAAN', NULL, NULL, NULL, NULL, NULL, NULL, NULL, NULL, NULL, NULL, NULL, NULL, NULL, NULL, '1', '2025-08-24 21:14:32', '2025-08-24 21:14:32', NULL, NULL, NULL, NULL, NULL),
	(500, 'DC MALL', NULL, NULL, NULL, NULL, NULL, NULL, NULL, NULL, NULL, NULL, NULL, NULL, NULL, NULL, '1', '2025-08-24 21:14:35', '2025-08-24 21:14:35', NULL, NULL, NULL, NULL, NULL),
	(501, 'GD AVAVA', NULL, NULL, NULL, NULL, NULL, NULL, NULL, NULL, NULL, NULL, NULL, NULL, NULL, NULL, '1', '2025-08-24 21:15:15', '2025-08-24 21:15:15', NULL, NULL, NULL, NULL, NULL),
	(502, 'HOTEL VANILA', NULL, NULL, NULL, NULL, NULL, NULL, NULL, NULL, NULL, NULL, NULL, NULL, NULL, NULL, '1', '2025-08-24 21:15:19', '2025-08-24 21:15:19', NULL, NULL, NULL, NULL, NULL),
	(503, 'MC COBAR', NULL, NULL, NULL, NULL, NULL, NULL, NULL, NULL, NULL, NULL, NULL, NULL, NULL, NULL, '1', '2025-08-24 21:16:11', '2025-08-24 21:16:11', NULL, NULL, NULL, NULL, NULL),
	(504, 'FABRIKATOR /SIEMENS', NULL, NULL, NULL, NULL, NULL, NULL, NULL, NULL, NULL, NULL, NULL, NULL, NULL, NULL, '1', '2025-08-24 21:16:14', '2025-08-24 21:16:14', NULL, NULL, NULL, NULL, NULL),
	(505, 'PELABUHAN BTA/KARANTINA', NULL, NULL, NULL, NULL, NULL, NULL, NULL, NULL, NULL, NULL, NULL, NULL, NULL, NULL, '0', '2025-08-24 21:16:17', '2025-08-24 21:16:17', NULL, NULL, NULL, NULL, NULL),
	(506, 'HOTEL NAGOYA HILL', NULL, NULL, NULL, NULL, NULL, NULL, NULL, NULL, NULL, NULL, NULL, NULL, NULL, NULL, '1', '2025-08-24 21:16:21', '2025-08-24 21:16:21', NULL, NULL, NULL, NULL, NULL),
	(507, ' RAMAYANA 2', NULL, NULL, NULL, NULL, NULL, NULL, NULL, NULL, NULL, NULL, NULL, NULL, NULL, NULL, '1', '2025-08-24 21:16:24', '2025-08-24 21:16:24', NULL, NULL, NULL, NULL, NULL),
	(508, ' ROBINSON ', NULL, NULL, NULL, NULL, NULL, NULL, NULL, NULL, NULL, NULL, NULL, NULL, NULL, NULL, '1', '2025-08-24 21:16:27', '2025-08-24 21:16:27', NULL, NULL, NULL, NULL, NULL),
	(509, 'HOTEL HARMONI', NULL, NULL, NULL, NULL, NULL, NULL, NULL, NULL, NULL, NULL, NULL, NULL, NULL, NULL, '1', '2025-08-24 21:16:31', '2025-08-24 21:16:31', NULL, NULL, NULL, NULL, NULL),
	(510, 'TOP 100 PENUIN', NULL, NULL, NULL, NULL, NULL, NULL, NULL, NULL, NULL, NULL, NULL, NULL, NULL, NULL, '0', '2025-08-24 21:16:34', '2025-08-24 21:16:34', NULL, NULL, NULL, NULL, NULL),
	(511, 'TANJUNG TRITIP', NULL, NULL, NULL, NULL, NULL, NULL, NULL, NULL, NULL, NULL, NULL, NULL, NULL, NULL, '0', '2025-08-24 21:16:37', '2025-08-24 21:16:37', NULL, NULL, NULL, NULL, NULL),
	(512, 'HOTEL GIDEON', NULL, NULL, NULL, NULL, NULL, NULL, NULL, NULL, NULL, NULL, NULL, NULL, NULL, NULL, '1', '2025-08-24 21:16:41', '2025-08-24 21:16:41', NULL, NULL, NULL, NULL, NULL),
	(513, 'BATAM CITY HOTEL', NULL, NULL, NULL, NULL, NULL, NULL, NULL, NULL, NULL, NULL, NULL, NULL, NULL, NULL, '1', '2025-08-24 21:16:44', '2025-08-24 21:16:44', NULL, NULL, NULL, NULL, NULL),
	(514, 'GRAND MAJESTY', NULL, NULL, NULL, NULL, NULL, NULL, NULL, NULL, NULL, NULL, NULL, NULL, NULL, NULL, '0', '2025-08-24 21:17:16', '2025-08-24 21:17:16', NULL, NULL, NULL, NULL, NULL),
	(515, 'SUKAJADI SEKTOR 7 & 8', NULL, NULL, NULL, NULL, NULL, NULL, NULL, NULL, NULL, NULL, NULL, NULL, NULL, NULL, '0', '2025-08-24 21:17:54', '2025-08-24 21:17:54', NULL, NULL, NULL, NULL, NULL),
	(516, 'APARTEMEN HARMONI', NULL, NULL, NULL, NULL, NULL, NULL, NULL, NULL, NULL, NULL, NULL, NULL, NULL, NULL, '1', '2025-08-24 21:17:58', '2025-08-24 21:17:58', NULL, NULL, NULL, NULL, NULL),
	(517, 'TELUK PANTAIAN 2', NULL, NULL, NULL, NULL, NULL, NULL, NULL, NULL, NULL, NULL, NULL, NULL, NULL, NULL, '0', '2025-08-24 21:18:02', '2025-08-24 21:18:02', NULL, NULL, NULL, NULL, NULL),
	(518, 'ATB OZON', NULL, NULL, NULL, NULL, NULL, NULL, NULL, NULL, NULL, NULL, NULL, NULL, NULL, NULL, '1', '2025-08-24 21:18:07', '2025-08-24 21:18:07', NULL, NULL, NULL, NULL, NULL),
	(519, 'RS AWAL BROS', NULL, NULL, NULL, NULL, NULL, NULL, NULL, NULL, NULL, NULL, NULL, NULL, NULL, NULL, '0', '2025-08-24 21:18:14', '2025-08-24 21:18:14', NULL, NULL, NULL, NULL, NULL),
	(520, 'PERUM  ATB BALOI', NULL, NULL, NULL, NULL, NULL, NULL, NULL, NULL, NULL, NULL, NULL, NULL, NULL, NULL, '1', '2025-08-24 21:18:18', '2025-08-24 21:18:18', NULL, NULL, NULL, NULL, NULL),
	(521, 'ATB BALOI', NULL, NULL, NULL, NULL, NULL, NULL, NULL, NULL, NULL, NULL, NULL, NULL, NULL, NULL, '0', '2025-08-24 21:18:21', '2025-08-24 21:18:21', NULL, NULL, NULL, NULL, NULL),
	(522, 'N HOTEL', NULL, NULL, NULL, NULL, NULL, NULL, NULL, NULL, NULL, NULL, NULL, NULL, NULL, NULL, '1', '2025-08-24 21:18:25', '2025-08-24 21:18:25', NULL, NULL, NULL, NULL, NULL),
	(523, ' HOTEL BALI', NULL, NULL, NULL, NULL, NULL, NULL, NULL, NULL, NULL, NULL, NULL, NULL, NULL, NULL, '0', '2025-08-24 21:18:29', '2025-08-24 21:18:29', NULL, NULL, NULL, NULL, NULL),
	(524, 'BIAKINDO', NULL, NULL, NULL, NULL, NULL, NULL, NULL, NULL, NULL, NULL, NULL, NULL, NULL, NULL, '1', '2025-08-24 21:18:34', '2025-08-24 21:18:34', NULL, NULL, NULL, NULL, NULL),
	(525, 'MC DERMOT 2', NULL, NULL, NULL, NULL, NULL, NULL, NULL, NULL, NULL, NULL, NULL, NULL, NULL, NULL, '0', '2025-08-24 21:18:37', '2025-08-24 21:18:37', NULL, NULL, NULL, NULL, NULL),
	(526, 'JL KARTINI 1  SEIHARAPAN', NULL, NULL, NULL, NULL, NULL, NULL, NULL, NULL, NULL, NULL, NULL, NULL, NULL, NULL, '0', '2025-08-24 21:18:40', '2025-08-24 21:18:40', NULL, NULL, NULL, NULL, NULL),
	(527, 'GH POLUX HABIBIE', NULL, NULL, NULL, NULL, NULL, NULL, NULL, NULL, NULL, NULL, NULL, NULL, NULL, NULL, '0', '2025-08-24 21:18:53', '2025-08-24 21:18:53', NULL, NULL, NULL, NULL, NULL),
	(528, 'TRIJAYA MAKMUR', NULL, NULL, NULL, NULL, NULL, NULL, NULL, NULL, NULL, NULL, NULL, NULL, NULL, NULL, '0', '2025-08-24 21:19:00', '2025-08-24 21:19:00', NULL, NULL, NULL, NULL, NULL),
	(529, 'PASAR PELITA', NULL, NULL, NULL, NULL, NULL, NULL, NULL, NULL, NULL, NULL, NULL, NULL, NULL, NULL, '0', '2025-08-24 21:19:04', '2025-08-24 21:19:04', NULL, NULL, NULL, NULL, NULL),
	(530, 'SISIPAN PABRIK BATAKO', NULL, NULL, NULL, NULL, NULL, NULL, NULL, NULL, NULL, NULL, NULL, NULL, NULL, NULL, '0', '2025-08-24 21:19:14', '2025-08-24 21:19:14', NULL, NULL, NULL, NULL, NULL),
	(531, 'WINNER GOSYEN PARK', NULL, NULL, NULL, NULL, NULL, NULL, NULL, NULL, NULL, NULL, NULL, NULL, NULL, NULL, '0', '2025-08-24 21:19:18', '2025-08-24 21:19:18', NULL, NULL, NULL, NULL, NULL),
	(532, 'BREDERO SHAW INDONESIA', NULL, NULL, NULL, NULL, NULL, NULL, NULL, NULL, NULL, NULL, NULL, NULL, NULL, NULL, '0', '2025-08-24 21:19:21', '2025-08-24 21:19:21', NULL, NULL, NULL, NULL, NULL),
	(533, 'GOLDWELL', NULL, NULL, NULL, NULL, NULL, NULL, NULL, NULL, NULL, NULL, NULL, NULL, NULL, NULL, '1', '2025-08-24 21:19:24', '2025-08-24 21:19:24', NULL, NULL, NULL, NULL, NULL),
	(534, 'MC DERMOT', NULL, NULL, NULL, NULL, NULL, NULL, NULL, NULL, NULL, NULL, NULL, NULL, NULL, NULL, '0', '2025-08-24 21:19:28', '2025-08-24 21:19:28', NULL, NULL, NULL, NULL, NULL),
	(535, 'WIRARAJA', NULL, NULL, NULL, NULL, NULL, NULL, NULL, NULL, NULL, NULL, NULL, NULL, NULL, NULL, '0', '2025-08-24 21:19:31', '2025-08-24 21:19:31', NULL, NULL, NULL, NULL, NULL),
	(536, 'CLADTEK 1', NULL, NULL, NULL, NULL, NULL, NULL, NULL, NULL, NULL, NULL, NULL, NULL, NULL, NULL, '0', '2025-08-24 21:19:34', '2025-08-24 21:19:34', NULL, NULL, NULL, NULL, NULL),
	(537, 'WONDER TREND INDONESIA', NULL, NULL, NULL, NULL, NULL, NULL, NULL, NULL, NULL, NULL, NULL, NULL, NULL, NULL, '0', '2025-08-24 21:19:41', '2025-08-24 21:19:41', NULL, NULL, NULL, NULL, NULL),
	(538, 'CATERPILLAR', NULL, NULL, NULL, NULL, NULL, NULL, NULL, NULL, NULL, NULL, NULL, NULL, NULL, NULL, '0', '2025-08-24 21:19:45', '2025-08-24 21:19:45', NULL, NULL, NULL, NULL, NULL),
	(539, 'PT SINCOM', NULL, NULL, NULL, NULL, NULL, NULL, NULL, NULL, NULL, NULL, NULL, NULL, NULL, NULL, '0', '2025-08-24 21:19:50', '2025-08-24 21:19:50', NULL, NULL, NULL, NULL, NULL),
	(540, 'DUTA SURYA SUKSES', NULL, NULL, NULL, NULL, NULL, NULL, NULL, NULL, NULL, NULL, NULL, NULL, NULL, NULL, '0', '2025-08-24 21:19:53', '2025-08-24 21:19:53', NULL, NULL, NULL, NULL, NULL),
	(541, ' PERUMAHAN OMA', NULL, NULL, NULL, NULL, NULL, NULL, NULL, NULL, NULL, NULL, NULL, NULL, NULL, NULL, '0', '2025-08-24 21:19:57', '2025-08-24 21:19:57', NULL, NULL, NULL, NULL, NULL),
	(542, 'PROFAB 2', NULL, NULL, NULL, NULL, NULL, NULL, NULL, NULL, NULL, NULL, NULL, NULL, NULL, NULL, '0', '2025-08-24 21:20:01', '2025-08-24 21:20:01', NULL, NULL, NULL, NULL, NULL),
	(543, 'PT KVAERNER', NULL, NULL, NULL, NULL, NULL, NULL, NULL, NULL, NULL, NULL, NULL, NULL, NULL, NULL, '0', '2025-08-24 21:20:04', '2025-08-24 21:20:04', NULL, NULL, NULL, NULL, NULL),
	(544, 'SANQUA/GLOBAL IZULVINDO', NULL, NULL, NULL, NULL, NULL, NULL, NULL, NULL, NULL, NULL, NULL, NULL, NULL, NULL, '0', '2025-08-24 21:20:07', '2025-08-24 21:20:07', NULL, NULL, NULL, NULL, NULL),
	(545, 'ASL SHIPYARD 2', NULL, NULL, NULL, NULL, NULL, NULL, NULL, NULL, NULL, NULL, NULL, NULL, NULL, NULL, '0', '2025-08-24 21:20:10', '2025-08-24 21:20:10', NULL, NULL, NULL, NULL, NULL),
	(546, 'GREEN FLEXIBLE', NULL, NULL, NULL, NULL, NULL, NULL, NULL, NULL, NULL, NULL, NULL, NULL, NULL, NULL, '0', '2025-08-24 21:20:14', '2025-08-24 21:20:14', NULL, NULL, NULL, NULL, NULL),
	(547, ' UNRIKA', NULL, NULL, NULL, NULL, NULL, NULL, NULL, NULL, NULL, NULL, NULL, NULL, NULL, NULL, '0', '2025-08-24 21:20:17', '2025-08-24 21:20:17', NULL, NULL, NULL, NULL, NULL),
	(548, ' PERUMAHAN ARIRA', NULL, NULL, NULL, NULL, NULL, NULL, NULL, NULL, NULL, NULL, NULL, NULL, NULL, NULL, '0', '2025-08-24 21:20:20', '2025-08-24 21:20:20', NULL, NULL, NULL, NULL, NULL),
	(549, ' PERUMAHAN CIPTA MANDIRI', NULL, NULL, NULL, NULL, NULL, NULL, NULL, NULL, NULL, NULL, NULL, NULL, NULL, NULL, '0', '2025-08-24 21:20:23', '2025-08-24 21:20:23', NULL, NULL, NULL, NULL, NULL),
	(550, 'HOTEL KING', NULL, NULL, NULL, NULL, NULL, NULL, NULL, NULL, NULL, NULL, NULL, NULL, NULL, NULL, '0', '2025-08-24 21:20:28', '2025-08-24 21:20:28', NULL, NULL, NULL, NULL, NULL),
	(551, 'HOTEL KING', NULL, NULL, NULL, NULL, NULL, NULL, NULL, NULL, NULL, NULL, NULL, NULL, NULL, NULL, '0', '2025-08-24 21:20:38', '2025-08-24 21:20:38', NULL, NULL, NULL, NULL, NULL),
	(552, 'BOTANIA TAHAP 2 (SISIPAN)', NULL, NULL, NULL, NULL, NULL, NULL, NULL, NULL, NULL, NULL, NULL, NULL, NULL, NULL, '0', '2025-08-24 21:21:05', '2025-08-24 21:21:05', NULL, NULL, NULL, NULL, NULL),
	(553, 'PLAZA BOTANIA', NULL, NULL, NULL, NULL, NULL, NULL, NULL, NULL, NULL, NULL, NULL, NULL, NULL, NULL, '0', '2025-08-24 21:21:09', '2025-08-24 21:21:09', NULL, NULL, NULL, NULL, NULL),
	(554, 'PT BINA KREATIF SWAKARSA', NULL, NULL, NULL, NULL, NULL, NULL, NULL, NULL, NULL, NULL, NULL, NULL, NULL, NULL, '0', '2025-08-24 21:21:12', '2025-08-24 21:21:12', NULL, NULL, NULL, NULL, NULL),
	(555, 'TOP 100 TEMBESI', NULL, NULL, NULL, NULL, NULL, NULL, NULL, NULL, NULL, NULL, NULL, NULL, NULL, NULL, '0', '2025-08-24 21:21:15', '2025-08-24 21:21:15', NULL, NULL, NULL, NULL, NULL),
	(556, 'TEMBESI CENTER', NULL, NULL, NULL, NULL, NULL, NULL, NULL, NULL, NULL, NULL, NULL, NULL, NULL, NULL, '0', '2025-08-24 21:21:18', '2025-08-24 21:21:18', NULL, NULL, NULL, NULL, NULL),
	(557, 'BRITOIL OFFSHORE', NULL, NULL, NULL, NULL, NULL, NULL, NULL, NULL, NULL, NULL, NULL, NULL, NULL, NULL, '0', '2025-08-24 21:21:22', '2025-08-24 21:21:22', NULL, NULL, NULL, NULL, NULL),
	(558, 'PANBIL', NULL, NULL, NULL, NULL, NULL, NULL, NULL, NULL, NULL, NULL, NULL, NULL, NULL, NULL, '0', '2025-08-24 21:21:26', '2025-08-24 21:21:26', NULL, NULL, NULL, NULL, NULL),
	(559, '\' CHAROEN POKPHAN', NULL, NULL, NULL, NULL, NULL, NULL, NULL, NULL, NULL, NULL, NULL, NULL, NULL, NULL, '0', '2025-08-24 21:21:30', '2025-08-24 21:21:30', NULL, NULL, NULL, NULL, NULL),
	(560, ' GRIYA PRIMA', NULL, NULL, NULL, NULL, NULL, NULL, NULL, NULL, NULL, NULL, NULL, NULL, NULL, NULL, '0', '2025-08-24 21:21:33', '2025-08-24 21:21:33', NULL, NULL, NULL, NULL, NULL),
	(561, 'NAGA JAYA', NULL, NULL, NULL, NULL, NULL, NULL, NULL, NULL, NULL, NULL, NULL, NULL, NULL, NULL, '0', '2025-08-24 21:21:36', '2025-08-24 21:21:36', NULL, NULL, NULL, NULL, NULL),
	(562, ' RUSUN BTA', NULL, NULL, NULL, NULL, NULL, NULL, NULL, NULL, NULL, NULL, NULL, NULL, NULL, NULL, '0', '2025-08-24 21:21:40', '2025-08-24 21:21:40', NULL, NULL, NULL, NULL, NULL),
	(563, ' TAMAN HARAPAN INDAH', NULL, NULL, NULL, NULL, NULL, NULL, NULL, NULL, NULL, NULL, NULL, NULL, NULL, NULL, '0', '2025-08-24 21:21:42', '2025-08-24 21:21:42', NULL, NULL, NULL, NULL, NULL),
	(564, ' BENGKONG GREEN TOWN', NULL, NULL, NULL, NULL, NULL, NULL, NULL, NULL, NULL, NULL, NULL, NULL, NULL, NULL, '0', '2025-08-24 21:21:45', '2025-08-24 21:21:45', NULL, NULL, NULL, NULL, NULL),
	(565, ' GOLDEN CITY/MESJID CHENG HO', NULL, NULL, NULL, NULL, NULL, NULL, NULL, NULL, NULL, NULL, NULL, NULL, NULL, NULL, '0', '2025-08-24 21:21:49', '2025-08-24 21:21:49', NULL, NULL, NULL, NULL, NULL),
	(566, ' BENGKONG PLTD', NULL, NULL, NULL, NULL, NULL, NULL, NULL, NULL, NULL, NULL, NULL, NULL, NULL, NULL, '0', '2025-08-24 21:21:52', '2025-08-24 21:21:52', NULL, NULL, NULL, NULL, NULL),
	(567, ' ATB SEI LADI 1', NULL, NULL, NULL, NULL, NULL, NULL, NULL, NULL, NULL, NULL, NULL, NULL, NULL, NULL, '0', '2025-08-24 21:47:27', '2025-08-24 21:47:27', NULL, NULL, NULL, NULL, NULL),
	(568, ' KOMPLEK ROMA SUMATRA', NULL, NULL, NULL, NULL, NULL, NULL, NULL, NULL, NULL, NULL, NULL, NULL, NULL, NULL, '0', '2025-08-24 21:47:31', '2025-08-24 21:47:31', NULL, NULL, NULL, NULL, NULL),
	(569, ' BALLYSON', NULL, NULL, NULL, NULL, NULL, NULL, NULL, NULL, NULL, NULL, NULL, NULL, NULL, NULL, '0', '2025-08-24 21:47:35', '2025-08-24 21:47:35', NULL, NULL, NULL, NULL, NULL),
	(570, ' BISNIS CENTRE', NULL, NULL, NULL, NULL, NULL, NULL, NULL, NULL, NULL, NULL, NULL, NULL, NULL, NULL, '0', '2025-08-24 21:47:39', '2025-08-24 21:47:39', NULL, NULL, NULL, NULL, NULL),
	(571, ' PERUM BEACUKAI BALOI', NULL, NULL, NULL, NULL, NULL, NULL, NULL, NULL, NULL, NULL, NULL, NULL, NULL, NULL, '0', '2025-08-24 21:47:43', '2025-08-24 21:47:43', NULL, NULL, NULL, NULL, NULL),
	(572, ' BUMI INDAH BLOK I', NULL, NULL, NULL, NULL, NULL, NULL, NULL, NULL, NULL, NULL, NULL, NULL, NULL, NULL, '0', '2025-08-24 21:47:46', '2025-08-24 21:47:46', NULL, NULL, NULL, NULL, NULL),
	(573, 'TIBAN KAMPUNG 1', NULL, NULL, NULL, NULL, NULL, NULL, NULL, NULL, NULL, NULL, NULL, NULL, NULL, NULL, '0', '2025-08-24 21:47:49', '2025-08-24 21:47:49', NULL, NULL, NULL, NULL, NULL),
	(574, ' TIBAN KAMPUNG 2', NULL, NULL, NULL, NULL, NULL, NULL, NULL, NULL, NULL, NULL, NULL, NULL, NULL, NULL, '0', '2025-08-24 21:47:53', '2025-08-24 21:47:53', NULL, NULL, NULL, NULL, NULL),
	(575, 'TIBAN KAMPUNG 3', NULL, NULL, NULL, NULL, NULL, NULL, NULL, NULL, NULL, NULL, NULL, NULL, NULL, NULL, '0', '2025-08-24 21:47:56', '2025-08-24 21:47:56', NULL, NULL, NULL, NULL, NULL),
	(576, ' TIBAN KAMPUNG 4', NULL, NULL, NULL, NULL, NULL, NULL, NULL, NULL, NULL, NULL, NULL, NULL, NULL, NULL, '0', '2025-08-24 21:48:00', '2025-08-24 21:48:00', NULL, NULL, NULL, NULL, NULL),
	(577, ' TIBAN KAMPUNG 5', NULL, NULL, NULL, NULL, NULL, NULL, NULL, NULL, NULL, NULL, NULL, NULL, NULL, NULL, '0', '2025-08-24 21:48:07', '2025-08-24 21:48:07', NULL, NULL, NULL, NULL, NULL),
	(578, ' TIBAN KAMPUNG 6', NULL, NULL, NULL, NULL, NULL, NULL, NULL, NULL, NULL, NULL, NULL, NULL, NULL, NULL, '0', '2025-08-24 21:48:13', '2025-08-24 21:48:13', NULL, NULL, NULL, NULL, NULL),
	(579, ' PIAYU MAS RESIDENCE', NULL, NULL, NULL, NULL, NULL, NULL, NULL, NULL, NULL, NULL, NULL, NULL, NULL, NULL, '0', '2025-08-24 21:48:15', '2025-08-24 21:48:15', NULL, NULL, NULL, NULL, NULL),
	(580, ' TELAGA SAKINAH', NULL, NULL, NULL, NULL, NULL, NULL, NULL, NULL, NULL, NULL, NULL, NULL, NULL, NULL, '0', '2025-08-24 21:48:18', '2025-08-24 21:48:18', NULL, NULL, NULL, NULL, NULL),
	(581, ' KAVLING PERJUANGAN', NULL, NULL, NULL, NULL, NULL, NULL, NULL, NULL, NULL, NULL, NULL, NULL, NULL, NULL, '0', '2025-08-24 21:48:21', '2025-08-24 21:48:21', NULL, NULL, NULL, NULL, NULL),
	(582, ' KAVLING JUJUR', NULL, NULL, NULL, NULL, NULL, NULL, NULL, NULL, NULL, NULL, NULL, NULL, NULL, NULL, '0', '2025-08-24 21:48:24', '2025-08-24 21:48:24', NULL, NULL, NULL, NULL, NULL),
	(583, 'BENGKONG LANGIT', NULL, NULL, NULL, NULL, NULL, NULL, NULL, NULL, NULL, NULL, NULL, NULL, NULL, NULL, '0', '2025-08-24 21:48:30', '2025-08-24 21:48:30', NULL, NULL, NULL, NULL, NULL),
	(584, ' KAV MELUR', NULL, NULL, NULL, NULL, NULL, NULL, NULL, NULL, NULL, NULL, NULL, NULL, NULL, NULL, '0', '2025-08-24 21:48:37', '2025-08-24 21:48:37', NULL, NULL, NULL, NULL, NULL),
	(585, ' MASYARAKAT TG BUNTUNG', NULL, NULL, NULL, NULL, NULL, NULL, NULL, NULL, NULL, NULL, NULL, NULL, NULL, NULL, '0', '2025-08-24 21:48:40', '2025-08-24 21:48:40', NULL, NULL, NULL, NULL, NULL),
	(586, ' BENGKONG KOLAM MAS', NULL, NULL, NULL, NULL, NULL, NULL, NULL, NULL, NULL, NULL, NULL, NULL, NULL, NULL, '0', '2025-08-24 21:48:43', '2025-08-24 21:48:43', NULL, NULL, NULL, NULL, NULL),
	(587, ' SEI NAYON 2', NULL, NULL, NULL, NULL, NULL, NULL, NULL, NULL, NULL, NULL, NULL, NULL, NULL, NULL, '0', '2025-08-24 21:48:46', '2025-08-24 21:48:46', NULL, NULL, NULL, NULL, NULL),
	(588, ' KK REGATA', NULL, NULL, NULL, NULL, NULL, NULL, NULL, NULL, NULL, NULL, NULL, NULL, NULL, NULL, '0', '2025-08-24 21:48:49', '2025-08-24 21:48:49', NULL, NULL, NULL, NULL, NULL),
	(589, ' KOMPLEK WIRA MUSTIKA', NULL, NULL, NULL, NULL, NULL, NULL, NULL, NULL, NULL, NULL, NULL, NULL, NULL, NULL, '0', '2025-08-24 21:48:56', '2025-08-24 21:48:56', NULL, NULL, NULL, NULL, NULL),
	(590, 'GUDANG ALFAMART', NULL, NULL, NULL, NULL, NULL, NULL, NULL, NULL, NULL, NULL, NULL, NULL, NULL, NULL, '0', '2025-08-24 21:48:58', '2025-08-24 21:48:58', NULL, NULL, NULL, NULL, NULL),
	(591, ' PERUM.LEGENDA BALI', NULL, NULL, NULL, NULL, NULL, NULL, NULL, NULL, NULL, NULL, NULL, NULL, NULL, NULL, '0', '2025-08-24 21:49:01', '2025-08-24 21:49:01', NULL, NULL, NULL, NULL, NULL),
	(592, ' LEGENDA BLOK B', NULL, NULL, NULL, NULL, NULL, NULL, NULL, NULL, NULL, NULL, NULL, NULL, NULL, NULL, '0', '2025-08-24 21:49:07', '2025-08-24 21:49:07', NULL, NULL, NULL, NULL, NULL),
	(593, ' LEGENDA MALAKA BLOK E', NULL, NULL, NULL, NULL, NULL, NULL, NULL, NULL, NULL, NULL, NULL, NULL, NULL, NULL, '0', '2025-08-24 21:49:11', '2025-08-24 21:49:11', NULL, NULL, NULL, NULL, NULL),
	(594, 'PERUM.HANG TUAH', NULL, NULL, NULL, NULL, NULL, NULL, NULL, NULL, NULL, NULL, NULL, NULL, NULL, NULL, '0', '2025-08-24 21:49:14', '2025-08-24 21:49:14', NULL, NULL, NULL, NULL, NULL),
	(595, 'RUKO MEGA EXTENTION', NULL, NULL, NULL, NULL, NULL, NULL, NULL, NULL, NULL, NULL, NULL, NULL, NULL, NULL, '0', '2025-08-24 21:49:18', '2025-08-24 21:49:18', NULL, NULL, NULL, NULL, NULL),
	(596, 'MEGA LEGENDA', NULL, NULL, NULL, NULL, NULL, NULL, NULL, NULL, NULL, NULL, NULL, NULL, NULL, NULL, '0', '2025-08-24 21:49:21', '2025-08-24 21:49:21', NULL, NULL, NULL, NULL, NULL),
	(597, 'HOTEL OZON', NULL, NULL, NULL, NULL, NULL, NULL, NULL, NULL, NULL, NULL, NULL, NULL, NULL, NULL, '0', '2025-08-24 21:55:18', '2025-08-24 21:55:18', NULL, NULL, NULL, NULL, NULL),
	(598, 'KAMPUNG BELIAN', NULL, NULL, NULL, NULL, NULL, NULL, NULL, NULL, NULL, NULL, NULL, NULL, NULL, NULL, '0', '2025-08-24 21:55:26', '2025-08-24 21:55:26', NULL, NULL, NULL, NULL, NULL),
	(599, 'GH PT CAKRA WISESA', NULL, NULL, NULL, NULL, NULL, NULL, NULL, NULL, NULL, NULL, NULL, NULL, NULL, NULL, '0', '2025-08-24 21:56:22', '2025-08-24 21:56:22', NULL, NULL, NULL, NULL, NULL),
	(600, 'PT BATAMINDO EXECUTIVE', NULL, NULL, NULL, NULL, NULL, NULL, NULL, NULL, NULL, NULL, NULL, NULL, NULL, NULL, '0', '2025-08-24 21:56:27', '2025-08-24 21:56:27', NULL, NULL, NULL, NULL, NULL),
	(601, ' PRINCE', NULL, NULL, NULL, NULL, NULL, NULL, NULL, NULL, NULL, NULL, NULL, NULL, NULL, NULL, '0', '2025-08-24 21:56:30', '2025-08-24 21:56:30', NULL, NULL, NULL, NULL, NULL),
	(602, 'BUKIT PERMATA', NULL, NULL, NULL, NULL, NULL, NULL, NULL, NULL, NULL, NULL, NULL, NULL, NULL, NULL, '0', '2025-08-24 21:56:37', '2025-08-24 21:56:37', NULL, NULL, NULL, NULL, NULL),
	(603, 'PERUM TAMAN SARI HIJAU', NULL, NULL, NULL, NULL, NULL, NULL, NULL, NULL, NULL, NULL, NULL, NULL, NULL, NULL, '0', '2025-08-24 21:56:41', '2025-08-24 21:56:41', NULL, NULL, NULL, NULL, NULL),
	(604, ' TIBAN AIRIS', NULL, NULL, NULL, NULL, NULL, NULL, NULL, NULL, NULL, NULL, NULL, NULL, NULL, NULL, '0', '2025-08-24 21:56:50', '2025-08-24 21:56:50', NULL, NULL, NULL, NULL, NULL),
	(605, 'GREEN HARMONI', NULL, NULL, NULL, NULL, NULL, NULL, NULL, NULL, NULL, NULL, NULL, NULL, NULL, NULL, '0', '2025-08-24 21:56:54', '2025-08-24 21:56:54', NULL, NULL, NULL, NULL, NULL),
	(606, 'REXVIN BOULEVARD', NULL, NULL, NULL, NULL, NULL, NULL, NULL, NULL, NULL, NULL, NULL, NULL, NULL, NULL, '0', '2025-08-24 21:57:00', '2025-08-24 21:57:00', NULL, NULL, NULL, NULL, NULL),
	(607, 'LEGENDA', NULL, NULL, NULL, NULL, NULL, NULL, NULL, NULL, NULL, NULL, NULL, NULL, NULL, NULL, '0', '2025-08-24 21:57:04', '2025-08-24 21:57:04', NULL, NULL, NULL, NULL, NULL),
	(608, 'ATB MUKA KUNING', NULL, NULL, NULL, NULL, NULL, NULL, NULL, NULL, NULL, NULL, NULL, NULL, NULL, NULL, '0', '2025-08-24 21:57:09', '2025-08-24 21:57:09', NULL, NULL, NULL, NULL, NULL),
	(609, 'TIBAN HOUSING', NULL, NULL, NULL, NULL, NULL, NULL, NULL, NULL, NULL, NULL, NULL, NULL, NULL, NULL, '0', '2025-08-24 21:57:12', '2025-08-24 21:57:12', NULL, NULL, NULL, NULL, NULL),
	(610, 'BAPELKES', NULL, NULL, NULL, NULL, NULL, NULL, NULL, NULL, NULL, NULL, NULL, NULL, NULL, NULL, '0', '2025-08-24 21:57:21', '2025-08-24 21:57:21', NULL, NULL, NULL, NULL, NULL),
	(611, '  CITRA TUBINDO    ', NULL, NULL, NULL, NULL, NULL, NULL, NULL, NULL, NULL, NULL, NULL, NULL, NULL, NULL, '0', '2025-08-24 21:57:24', '2025-08-24 21:57:24', NULL, NULL, NULL, NULL, NULL),
	(612, '  GREENINDO PLASTIKTAMA', NULL, NULL, NULL, NULL, NULL, NULL, NULL, NULL, NULL, NULL, NULL, NULL, NULL, NULL, '0', '2025-08-24 21:57:28', '2025-08-24 21:57:28', NULL, NULL, NULL, NULL, NULL),
	(613, 'GH TUNAS INDUSTRI 3', NULL, NULL, NULL, NULL, NULL, NULL, NULL, NULL, NULL, NULL, NULL, NULL, NULL, NULL, '0', '2025-08-24 21:57:31', '2025-08-24 21:57:31', NULL, NULL, NULL, NULL, NULL),
	(614, ' CORUM', NULL, NULL, NULL, NULL, NULL, NULL, NULL, NULL, NULL, NULL, NULL, NULL, NULL, NULL, '0', '2025-08-24 21:57:34', '2025-08-24 21:57:34', NULL, NULL, NULL, NULL, NULL),
	(615, 'BUANA CENTRAL 1', NULL, NULL, NULL, NULL, NULL, NULL, NULL, NULL, NULL, NULL, NULL, NULL, NULL, NULL, '0', '2025-08-24 21:57:37', '2025-08-24 21:57:37', NULL, NULL, NULL, NULL, NULL),
	(616, ' BUANA CENTRAL 2', NULL, NULL, NULL, NULL, NULL, NULL, NULL, NULL, NULL, NULL, NULL, NULL, NULL, NULL, '0', '2025-08-24 21:57:43', '2025-08-24 21:57:43', NULL, NULL, NULL, NULL, NULL),
	(617, ' PERUM. CIPTA VILLAGE MARINA', NULL, NULL, NULL, NULL, NULL, NULL, NULL, NULL, NULL, NULL, NULL, NULL, NULL, NULL, '0', '2025-08-24 21:57:46', '2025-08-24 21:57:46', NULL, NULL, NULL, NULL, NULL),
	(618, '  PERUM. RICCI PIAYU', NULL, NULL, NULL, NULL, NULL, NULL, NULL, NULL, NULL, NULL, NULL, NULL, NULL, NULL, '0', '2025-08-24 21:57:49', '2025-08-24 21:57:49', NULL, NULL, NULL, NULL, NULL),
	(619, '  RS BHAYANGKARA', NULL, NULL, NULL, NULL, NULL, NULL, NULL, NULL, NULL, NULL, NULL, NULL, NULL, NULL, '0', '2025-08-24 21:57:52', '2025-08-24 21:57:52', NULL, NULL, NULL, NULL, NULL),
	(620, 'PRASETYA RESIDENCE', NULL, NULL, NULL, NULL, NULL, NULL, NULL, NULL, NULL, NULL, NULL, NULL, NULL, NULL, '0', '2025-08-24 21:58:01', '2025-08-24 21:58:01', NULL, NULL, NULL, NULL, NULL),
	(621, ' KEMENAG', NULL, NULL, NULL, NULL, NULL, NULL, NULL, NULL, NULL, NULL, NULL, NULL, NULL, NULL, '0', '2025-08-24 21:58:04', '2025-08-24 21:58:04', NULL, NULL, NULL, NULL, NULL),
	(622, ' AGUNG AUTOMALL', NULL, NULL, NULL, NULL, NULL, NULL, NULL, NULL, NULL, NULL, NULL, NULL, NULL, NULL, '0', '2025-08-24 21:58:07', '2025-08-24 21:58:07', NULL, NULL, NULL, NULL, NULL),
	(623, 'MAUDIRA INDONESIA', NULL, NULL, NULL, NULL, NULL, NULL, NULL, NULL, NULL, NULL, NULL, NULL, NULL, NULL, '0', '2025-08-24 21:58:10', '2025-08-24 21:58:10', NULL, NULL, NULL, NULL, NULL),
	(624, ' KOMPLEK HABOURBAY', NULL, NULL, NULL, NULL, NULL, NULL, NULL, NULL, NULL, NULL, NULL, NULL, NULL, NULL, '0', '2025-08-24 21:58:13', '2025-08-24 21:58:13', NULL, NULL, NULL, NULL, NULL),
	(625, ' MITRA 10', NULL, NULL, NULL, NULL, NULL, NULL, NULL, NULL, NULL, NULL, NULL, NULL, NULL, NULL, '0', '2025-08-24 21:58:18', '2025-08-24 21:58:18', NULL, NULL, NULL, NULL, NULL),
	(626, ' ECELLEN', NULL, NULL, NULL, NULL, NULL, NULL, NULL, NULL, NULL, NULL, NULL, NULL, NULL, NULL, '0', '2025-08-24 21:58:20', '2025-08-24 21:58:20', NULL, NULL, NULL, NULL, NULL),
	(627, ' KSB/KIOS KABIL', NULL, NULL, NULL, NULL, NULL, NULL, NULL, NULL, NULL, NULL, NULL, NULL, NULL, NULL, '0', '2025-08-24 21:58:23', '2025-08-24 21:58:23', NULL, NULL, NULL, NULL, NULL),
	(628, 'MARBELLA 2', NULL, NULL, NULL, NULL, NULL, NULL, NULL, NULL, NULL, NULL, NULL, NULL, NULL, NULL, '0', '2025-08-24 21:58:35', '2025-08-24 21:58:35', NULL, NULL, NULL, NULL, NULL),
	(629, 'SIBAURA', NULL, NULL, NULL, NULL, NULL, NULL, NULL, NULL, NULL, NULL, NULL, NULL, NULL, NULL, '0', '2025-08-24 21:58:38', '2025-08-24 21:58:38', NULL, NULL, NULL, NULL, NULL),
	(630, 'RUKO MEGA LEGENDA', NULL, NULL, NULL, NULL, NULL, NULL, NULL, NULL, NULL, NULL, NULL, NULL, NULL, NULL, '0', '2025-08-24 21:58:41', '2025-08-24 21:58:41', NULL, NULL, NULL, NULL, NULL),
	(631, 'RUKO LEGENDA POINT', NULL, NULL, NULL, NULL, NULL, NULL, NULL, NULL, NULL, NULL, NULL, NULL, NULL, NULL, '0', '2025-08-24 21:58:50', '2025-08-24 21:58:50', NULL, NULL, NULL, NULL, NULL),
	(632, 'RUKO GREEN LAND', NULL, NULL, NULL, NULL, NULL, NULL, NULL, NULL, NULL, NULL, NULL, NULL, NULL, NULL, '0', '2025-08-24 21:58:53', '2025-08-24 21:58:53', NULL, NULL, NULL, NULL, NULL),
	(633, 'HOTEL SAHID\'', NULL, NULL, NULL, NULL, NULL, NULL, NULL, NULL, NULL, NULL, NULL, NULL, NULL, NULL, '0', '2025-08-24 21:58:58', '2025-08-24 21:58:58', NULL, NULL, NULL, NULL, NULL),
	(634, 'TRIKARSA', NULL, NULL, NULL, NULL, NULL, NULL, NULL, NULL, NULL, NULL, NULL, NULL, NULL, NULL, '0', '2025-08-24 21:59:01', '2025-08-24 21:59:01', NULL, NULL, NULL, NULL, NULL),
	(635, 'LIMBAH', NULL, NULL, NULL, NULL, NULL, NULL, NULL, NULL, NULL, NULL, NULL, NULL, NULL, NULL, '0', '2025-08-24 21:59:04', '2025-08-24 21:59:04', NULL, NULL, NULL, NULL, NULL),
	(636, 'WISMA BUKIT DANGAS', NULL, NULL, NULL, NULL, NULL, NULL, NULL, NULL, NULL, NULL, NULL, NULL, NULL, NULL, '0', '2025-08-24 21:59:07', '2025-08-24 21:59:07', NULL, NULL, NULL, NULL, NULL),
	(637, 'DAIHATSU', NULL, NULL, NULL, NULL, NULL, NULL, NULL, NULL, NULL, NULL, NULL, NULL, NULL, NULL, '0', '2025-08-24 21:59:10', '2025-08-24 21:59:10', NULL, NULL, NULL, NULL, NULL),
	(638, 'BENGKONG INDAH ATAS2', NULL, NULL, NULL, NULL, NULL, NULL, NULL, NULL, NULL, NULL, NULL, NULL, NULL, NULL, '0', '2025-08-24 21:59:18', '2025-08-24 21:59:18', NULL, NULL, NULL, NULL, NULL),
	(639, 'SEI NAYON 3', NULL, NULL, NULL, NULL, NULL, NULL, NULL, NULL, NULL, NULL, NULL, NULL, NULL, NULL, '0', '2025-08-24 21:59:21', '2025-08-24 21:59:21', NULL, NULL, NULL, NULL, NULL),
	(640, 'TAMARIN', NULL, NULL, NULL, NULL, NULL, NULL, NULL, NULL, NULL, NULL, NULL, NULL, NULL, NULL, '0', '2025-08-24 21:59:24', '2025-08-24 21:59:24', NULL, NULL, NULL, NULL, NULL),
	(641, 'TIBAN MAS INDAH', NULL, NULL, NULL, NULL, NULL, NULL, NULL, NULL, NULL, NULL, NULL, NULL, NULL, NULL, '0', '2025-08-24 21:59:27', '2025-08-24 21:59:27', NULL, NULL, NULL, NULL, NULL),
	(642, 'SUMMER COAST', NULL, NULL, NULL, NULL, NULL, NULL, NULL, NULL, NULL, NULL, NULL, NULL, NULL, NULL, '0', '2025-08-24 21:59:30', '2025-08-24 21:59:30', NULL, NULL, NULL, NULL, NULL),
	(643, 'TIBAN HARMONI', NULL, NULL, NULL, NULL, NULL, NULL, NULL, NULL, NULL, NULL, NULL, NULL, NULL, NULL, '0', '2025-08-24 21:59:33', '2025-08-24 21:59:33', NULL, NULL, NULL, NULL, NULL),
	(644, 'GRAND ORCAD', NULL, NULL, NULL, NULL, NULL, NULL, NULL, NULL, NULL, NULL, NULL, NULL, NULL, NULL, '0', '2025-08-24 21:59:36', '2025-08-24 21:59:36', NULL, NULL, NULL, NULL, NULL),
	(645, 'PASAR MITRA 2', NULL, NULL, NULL, NULL, NULL, NULL, NULL, NULL, NULL, NULL, NULL, NULL, NULL, NULL, '0', '2025-08-24 21:59:38', '2025-08-24 21:59:38', NULL, NULL, NULL, NULL, NULL),
	(646, 'RUKO POLLUX', NULL, NULL, NULL, NULL, NULL, NULL, NULL, NULL, NULL, NULL, NULL, NULL, NULL, NULL, '0', '2025-08-24 21:59:51', '2025-08-24 21:59:51', NULL, NULL, NULL, NULL, NULL),
	(647, 'CITRA INDAH 2', NULL, NULL, NULL, NULL, NULL, NULL, NULL, NULL, NULL, NULL, NULL, NULL, NULL, NULL, '0', '2025-08-24 21:59:55', '2025-08-24 21:59:55', NULL, NULL, NULL, NULL, NULL),
	(648, 'KULINER FANINDO', NULL, NULL, NULL, NULL, NULL, NULL, NULL, NULL, NULL, NULL, NULL, NULL, NULL, NULL, '0', '2025-08-24 21:59:58', '2025-08-24 21:59:58', NULL, NULL, NULL, NULL, NULL),
	(649, 'PAPAMAMA', NULL, NULL, NULL, NULL, NULL, NULL, NULL, NULL, NULL, NULL, NULL, NULL, NULL, NULL, '0', '2025-08-24 22:00:01', '2025-08-24 22:00:01', NULL, NULL, NULL, NULL, NULL),
	(650, '\'RUKO SARKENJI', NULL, NULL, NULL, NULL, NULL, NULL, NULL, NULL, NULL, NULL, NULL, NULL, NULL, NULL, '0', '2025-08-24 22:00:05', '2025-08-24 22:00:05', NULL, NULL, NULL, NULL, NULL),
	(651, '\'GLORY GREEN TEMBESI', NULL, NULL, NULL, NULL, NULL, NULL, NULL, NULL, NULL, NULL, NULL, NULL, NULL, NULL, '0', '2025-08-24 22:00:08', '2025-08-24 22:00:08', NULL, NULL, NULL, NULL, NULL),
	(652, '\'KIBING RAYA', NULL, NULL, NULL, NULL, NULL, NULL, NULL, NULL, NULL, NULL, NULL, NULL, NULL, NULL, '0', '2025-08-24 22:00:11', '2025-08-24 22:00:11', NULL, NULL, NULL, NULL, NULL),
	(653, 'AJI BISNIS CENTER', NULL, NULL, NULL, NULL, NULL, NULL, NULL, NULL, NULL, NULL, NULL, NULL, NULL, NULL, '0', '2025-08-24 22:00:16', '2025-08-24 22:00:16', NULL, NULL, NULL, NULL, NULL),
	(654, 'CENTRAL LAGUNA HILL 2', NULL, NULL, NULL, NULL, NULL, NULL, NULL, NULL, NULL, NULL, NULL, NULL, NULL, NULL, '0', '2025-08-24 22:00:21', '2025-08-24 22:00:21', NULL, NULL, NULL, NULL, NULL),
	(655, 'AVIARI RESIDENSI2', NULL, NULL, NULL, NULL, NULL, NULL, NULL, NULL, NULL, NULL, NULL, NULL, NULL, NULL, '0', '2025-08-24 22:00:24', '2025-08-24 22:00:24', NULL, NULL, NULL, NULL, NULL),
	(656, 'HALIMUN', NULL, NULL, NULL, NULL, NULL, NULL, NULL, NULL, NULL, NULL, NULL, NULL, NULL, NULL, '0', '2025-08-24 22:00:28', '2025-08-24 22:00:28', NULL, NULL, NULL, NULL, NULL),
	(657, 'BARELANG 3', NULL, NULL, NULL, NULL, NULL, NULL, NULL, NULL, NULL, NULL, NULL, NULL, NULL, NULL, '0', '2025-08-24 22:00:31', '2025-08-24 22:00:31', NULL, NULL, NULL, NULL, NULL),
	(658, 'BUANA CENTRAL 3', NULL, NULL, NULL, NULL, NULL, NULL, NULL, NULL, NULL, NULL, NULL, NULL, NULL, NULL, '0', '2025-08-24 22:00:34', '2025-08-24 22:00:34', NULL, NULL, NULL, NULL, NULL),
	(659, 'WINNER FLOWER', NULL, NULL, NULL, NULL, NULL, NULL, NULL, NULL, NULL, NULL, NULL, NULL, NULL, NULL, '0', '2025-08-24 22:00:36', '2025-08-24 22:00:36', NULL, NULL, NULL, NULL, NULL),
	(660, 'LION 2', NULL, NULL, NULL, NULL, NULL, NULL, NULL, NULL, NULL, NULL, NULL, NULL, NULL, NULL, '0', '2025-08-24 22:00:39', '2025-08-24 22:00:39', NULL, NULL, NULL, NULL, NULL),
	(661, 'SAT NUSA PERSADA', NULL, NULL, NULL, NULL, NULL, NULL, NULL, NULL, NULL, NULL, NULL, NULL, NULL, NULL, '0', '2025-08-24 22:00:42', '2025-08-24 22:00:42', NULL, NULL, NULL, NULL, NULL),
	(662, ' LANDING POINT SAGULUNG', NULL, NULL, NULL, NULL, NULL, NULL, NULL, NULL, NULL, NULL, NULL, NULL, NULL, NULL, '0', '2025-08-24 22:00:45', '2025-08-24 22:00:45', NULL, NULL, NULL, NULL, NULL),
	(663, ' BUNGA RAYA', NULL, NULL, NULL, NULL, NULL, NULL, NULL, NULL, NULL, NULL, NULL, NULL, NULL, NULL, '0', '2025-08-24 22:00:48', '2025-08-24 22:00:48', NULL, NULL, NULL, NULL, NULL),
	(664, ' NAGOYA THAMRIN CITY', NULL, NULL, NULL, NULL, NULL, NULL, NULL, NULL, NULL, NULL, NULL, NULL, NULL, NULL, '0', '2025-08-24 22:00:51', '2025-08-24 22:00:51', NULL, NULL, NULL, NULL, NULL),
	(665, ' BIDA TRADE CENTER', NULL, NULL, NULL, NULL, NULL, NULL, NULL, NULL, NULL, NULL, NULL, NULL, NULL, NULL, '0', '2025-08-24 22:00:53', '2025-08-24 22:00:53', NULL, NULL, NULL, NULL, NULL),
	(666, ' BUKIT PONDOK BARELANG', NULL, NULL, NULL, NULL, NULL, NULL, NULL, NULL, NULL, NULL, NULL, NULL, NULL, NULL, '0', '2025-08-24 22:00:57', '2025-08-24 22:00:57', NULL, NULL, NULL, NULL, NULL),
	(667, ' DEVIN SPRING', NULL, NULL, NULL, NULL, NULL, NULL, NULL, NULL, NULL, NULL, NULL, NULL, NULL, NULL, '0', '2025-08-24 22:01:00', '2025-08-24 22:01:00', NULL, NULL, NULL, NULL, NULL),
	(668, ' RUKO DAN KIOS SUMMERLAND', NULL, NULL, NULL, NULL, NULL, NULL, NULL, NULL, NULL, NULL, NULL, NULL, NULL, NULL, '0', '2025-08-24 22:01:03', '2025-08-24 22:01:03', NULL, NULL, NULL, NULL, NULL),
	(669, ' KAMPUNG DAUN', NULL, NULL, NULL, NULL, NULL, NULL, NULL, NULL, NULL, NULL, NULL, NULL, NULL, NULL, '0', '2025-08-24 22:01:05', '2025-08-24 22:01:05', NULL, NULL, NULL, NULL, NULL),
	(670, ' HILL RESIDENCE', NULL, NULL, NULL, NULL, NULL, NULL, NULL, NULL, NULL, NULL, NULL, NULL, NULL, NULL, '0', '2025-08-24 22:01:08', '2025-08-24 22:01:08', NULL, NULL, NULL, NULL, NULL),
	(671, ' BP BATAM 3', NULL, NULL, NULL, NULL, NULL, NULL, NULL, NULL, NULL, NULL, NULL, NULL, NULL, NULL, '0', '2025-08-24 22:01:13', '2025-08-24 22:01:13', NULL, NULL, NULL, NULL, NULL),
	(672, ' YAPINDO PATAM', NULL, NULL, NULL, NULL, NULL, NULL, NULL, NULL, NULL, NULL, NULL, NULL, NULL, NULL, '0', '2025-08-24 22:01:16', '2025-08-24 22:01:16', NULL, NULL, NULL, NULL, NULL),
	(673, ' WINNER DELUXE', NULL, NULL, NULL, NULL, NULL, NULL, NULL, NULL, NULL, NULL, NULL, NULL, NULL, NULL, '0', '2025-08-24 22:01:19', '2025-08-24 22:01:19', NULL, NULL, NULL, NULL, NULL),
	(674, ' DEVELY 2', NULL, NULL, NULL, NULL, NULL, NULL, NULL, NULL, NULL, NULL, NULL, NULL, NULL, NULL, '0', '2025-08-24 22:01:21', '2025-08-24 22:01:21', NULL, NULL, NULL, NULL, NULL),
	(675, ' BUANA DUTA BANDARA', NULL, NULL, NULL, NULL, NULL, NULL, NULL, NULL, NULL, NULL, NULL, NULL, NULL, NULL, '0', '2025-08-24 22:02:28', '2025-08-24 22:02:28', NULL, NULL, NULL, NULL, NULL),
	(676, ' DPRD', NULL, NULL, NULL, NULL, NULL, NULL, NULL, NULL, NULL, NULL, NULL, NULL, NULL, NULL, '0', '2025-08-24 22:02:31', '2025-08-24 22:02:31', NULL, NULL, NULL, NULL, NULL),
	(677, ' SAGULUNG RAYA', NULL, NULL, NULL, NULL, NULL, NULL, NULL, NULL, NULL, NULL, NULL, NULL, NULL, NULL, '0', '2025-08-24 22:02:35', '2025-08-24 22:02:35', NULL, NULL, NULL, NULL, NULL),
	(678, ' BUKIT CITRA LAGUNA', NULL, NULL, NULL, NULL, NULL, NULL, NULL, NULL, NULL, NULL, NULL, NULL, NULL, NULL, '0', '2025-08-24 22:02:38', '2025-08-24 22:02:38', NULL, NULL, NULL, NULL, NULL),
	(679, ' YAPINDO 2', NULL, NULL, NULL, NULL, NULL, NULL, NULL, NULL, NULL, NULL, NULL, NULL, NULL, NULL, '0', '2025-08-24 22:02:41', '2025-08-24 22:02:41', NULL, NULL, NULL, NULL, NULL),
	(680, ' BUKIT BARELANG 2', NULL, NULL, NULL, NULL, NULL, NULL, NULL, NULL, NULL, NULL, NULL, NULL, NULL, NULL, '0', '2025-08-24 22:02:45', '2025-08-24 22:02:45', NULL, NULL, NULL, NULL, NULL),
	(681, ' BUANA CENTRAL PARK 3', NULL, NULL, NULL, NULL, NULL, NULL, NULL, NULL, NULL, NULL, NULL, NULL, NULL, NULL, '0', '2025-08-24 22:02:48', '2025-08-24 22:02:48', NULL, NULL, NULL, NULL, NULL),
	(682, ' BUANA CENTRAL PARK 2', NULL, NULL, NULL, NULL, NULL, NULL, NULL, NULL, NULL, NULL, NULL, NULL, NULL, NULL, '0', '2025-08-24 22:02:52', '2025-08-24 22:02:52', NULL, NULL, NULL, NULL, NULL),
	(683, ' GLORY TJ RIAU', NULL, NULL, NULL, NULL, NULL, NULL, NULL, NULL, NULL, NULL, NULL, NULL, NULL, NULL, '0', '2025-08-24 22:02:54', '2025-08-24 22:02:54', NULL, NULL, NULL, NULL, NULL),
	(684, ' BUKIT LAGUNA THP 3', NULL, NULL, NULL, NULL, NULL, NULL, NULL, NULL, NULL, NULL, NULL, NULL, NULL, NULL, '0', '2025-08-24 22:02:57', '2025-08-24 22:02:57', NULL, NULL, NULL, NULL, NULL),
	(685, ' ORYZA GARDEN ', NULL, NULL, NULL, NULL, NULL, NULL, NULL, NULL, NULL, NULL, NULL, NULL, NULL, NULL, '0', '2025-08-24 22:02:59', '2025-08-24 22:02:59', NULL, NULL, NULL, NULL, NULL),
	(686, 'Rhabayu Estuario', NULL, NULL, NULL, NULL, NULL, NULL, NULL, NULL, NULL, NULL, NULL, NULL, NULL, NULL, '0', '2025-08-24 22:03:03', '2025-08-24 22:03:03', NULL, NULL, NULL, NULL, NULL),
	(687, ' WOODLAND HARMONI ', NULL, NULL, NULL, NULL, NULL, NULL, NULL, NULL, NULL, NULL, NULL, NULL, NULL, NULL, '0', '2025-08-24 22:03:05', '2025-08-24 22:03:05', NULL, NULL, NULL, NULL, NULL),
	(688, ' PERMATARIVERVIEW', NULL, NULL, NULL, NULL, NULL, NULL, NULL, NULL, NULL, NULL, NULL, NULL, NULL, NULL, '0', '2025-08-24 22:03:09', '2025-08-24 22:03:09', NULL, NULL, NULL, NULL, NULL),
	(689, ' BENGKONG PALAPA MURNI', NULL, NULL, NULL, NULL, NULL, NULL, NULL, NULL, NULL, NULL, NULL, NULL, NULL, NULL, '0', '2025-08-24 22:03:11', '2025-08-24 22:03:11', NULL, NULL, NULL, NULL, NULL),
	(690, ' CIPTA WASTU SEMESTA ', NULL, NULL, NULL, NULL, NULL, NULL, NULL, NULL, NULL, NULL, NULL, NULL, NULL, NULL, '0', '2025-08-24 22:03:15', '2025-08-24 22:03:15', NULL, NULL, NULL, NULL, NULL),
	(691, ' GOLDEN PARK', NULL, NULL, NULL, NULL, NULL, NULL, NULL, NULL, NULL, NULL, NULL, NULL, NULL, NULL, '0', '2025-08-24 22:03:18', '2025-08-24 22:03:18', NULL, NULL, NULL, NULL, NULL),
	(692, ' CITRA RENGGALI', NULL, NULL, NULL, NULL, NULL, NULL, NULL, NULL, NULL, NULL, NULL, NULL, NULL, NULL, '0', '2025-08-24 22:03:21', '2025-08-24 22:03:21', NULL, NULL, NULL, NULL, NULL),
	(693, ' GRAND AVENUE', NULL, NULL, NULL, NULL, NULL, NULL, NULL, NULL, NULL, NULL, NULL, NULL, NULL, NULL, '0', '2025-08-24 22:03:24', '2025-08-24 22:03:24', NULL, NULL, NULL, NULL, NULL),
	(694, ' PESONA SEI LEKOP ', NULL, NULL, NULL, NULL, NULL, NULL, NULL, NULL, NULL, NULL, NULL, NULL, NULL, NULL, '0', '2025-08-24 22:03:27', '2025-08-24 22:03:27', NULL, NULL, NULL, NULL, NULL),
	(695, ' DATA BANK', NULL, NULL, NULL, NULL, NULL, NULL, NULL, NULL, NULL, NULL, NULL, NULL, NULL, NULL, '0', '2025-08-24 22:03:30', '2025-08-24 22:03:30', NULL, NULL, NULL, NULL, NULL),
	(696, ' GESYA ETHERNAL', NULL, NULL, NULL, NULL, NULL, NULL, NULL, NULL, NULL, NULL, NULL, NULL, NULL, NULL, '0', '2025-08-24 22:03:32', '2025-08-24 22:03:32', NULL, NULL, NULL, NULL, NULL),
	(697, ' WINNER SUPERBLOK', NULL, NULL, NULL, NULL, NULL, NULL, NULL, NULL, NULL, NULL, NULL, NULL, NULL, NULL, '0', '2025-08-24 22:03:40', '2025-08-24 22:03:40', NULL, NULL, NULL, NULL, NULL),
	(698, ' KELEMBAK', NULL, NULL, NULL, NULL, NULL, NULL, NULL, NULL, NULL, NULL, NULL, NULL, NULL, NULL, '0', '2025-08-24 22:03:42', '2025-08-24 22:03:42', NULL, NULL, NULL, NULL, NULL),
	(699, ' FUJITECH', NULL, NULL, NULL, NULL, NULL, NULL, NULL, NULL, NULL, NULL, NULL, NULL, NULL, NULL, '0', '2025-08-24 22:03:45', '2025-08-24 22:03:45', NULL, NULL, NULL, NULL, NULL),
	(700, ' LEMBAGA SANDI', NULL, NULL, NULL, NULL, NULL, NULL, NULL, NULL, NULL, NULL, NULL, NULL, NULL, NULL, '0', '2025-08-24 22:03:48', '2025-08-24 22:03:48', NULL, NULL, NULL, NULL, NULL),
	(701, ' APERTEMEN TOWER A DAN B', NULL, NULL, NULL, NULL, NULL, NULL, NULL, NULL, NULL, NULL, NULL, NULL, NULL, NULL, '0', '2025-08-24 22:03:51', '2025-08-24 22:03:51', NULL, NULL, NULL, NULL, NULL),
	(702, ' SARANA UNGGULAN 5', NULL, NULL, NULL, NULL, NULL, NULL, NULL, NULL, NULL, NULL, NULL, NULL, NULL, NULL, '0', '2025-08-24 22:03:54', '2025-08-24 22:03:54', NULL, NULL, NULL, NULL, NULL),
	(703, ' BUMI ABADI 3', NULL, NULL, NULL, NULL, NULL, NULL, NULL, NULL, NULL, NULL, NULL, NULL, NULL, NULL, '0', '2025-08-24 22:03:57', '2025-08-24 22:03:57', NULL, NULL, NULL, NULL, NULL),
	(704, ' LB TECH', NULL, NULL, NULL, NULL, NULL, NULL, NULL, NULL, NULL, NULL, NULL, NULL, NULL, NULL, '0', '2025-08-24 22:03:59', '2025-08-24 22:03:59', NULL, NULL, NULL, NULL, NULL),
	(705, ' ORCHAD PARK AVENUE', NULL, NULL, NULL, NULL, NULL, NULL, NULL, NULL, NULL, NULL, NULL, NULL, NULL, NULL, '0', '2025-08-24 22:04:02', '2025-08-24 22:04:02', NULL, NULL, NULL, NULL, NULL),
	(706, ' BANK INDONESIA', NULL, NULL, NULL, NULL, NULL, NULL, NULL, NULL, NULL, NULL, NULL, NULL, NULL, NULL, '0', '2025-08-24 22:04:05', '2025-08-24 22:04:05', NULL, NULL, NULL, NULL, NULL),
	(707, ' MAPOLDA', NULL, NULL, NULL, NULL, NULL, NULL, NULL, NULL, NULL, NULL, NULL, NULL, NULL, NULL, '0', '2025-08-24 22:04:08', '2025-08-24 22:04:08', NULL, NULL, NULL, NULL, NULL),
	(708, ' TUNAS INDUSTRI', NULL, NULL, NULL, NULL, NULL, NULL, NULL, NULL, NULL, NULL, NULL, NULL, NULL, NULL, '0', '2025-08-24 22:04:10', '2025-08-24 22:04:10', NULL, NULL, NULL, NULL, NULL),
	(709, ' HONG FU', NULL, NULL, NULL, NULL, NULL, NULL, NULL, NULL, NULL, NULL, NULL, NULL, NULL, NULL, '0', '2025-08-24 22:04:13', '2025-08-24 22:04:13', NULL, NULL, NULL, NULL, NULL),
	(710, ' INDOSTAR', NULL, NULL, NULL, NULL, NULL, NULL, NULL, NULL, NULL, NULL, NULL, NULL, NULL, NULL, '0', '2025-08-24 22:04:16', '2025-08-24 22:04:16', NULL, NULL, NULL, NULL, NULL),
	(711, ' ASL 3', NULL, NULL, NULL, NULL, NULL, NULL, NULL, NULL, NULL, NULL, NULL, NULL, NULL, NULL, '0', '2025-08-24 22:04:20', '2025-08-24 22:04:20', NULL, NULL, NULL, NULL, NULL),
	(712, ' ASL 1', NULL, NULL, NULL, NULL, NULL, NULL, NULL, NULL, NULL, NULL, NULL, NULL, NULL, NULL, '0', '2025-08-24 22:04:22', '2025-08-24 22:04:22', NULL, NULL, NULL, NULL, NULL),
	(713, ' MC DERMOTT', NULL, NULL, NULL, NULL, NULL, NULL, NULL, NULL, NULL, NULL, NULL, NULL, NULL, NULL, '0', '2025-08-24 22:04:26', '2025-08-24 22:04:26', NULL, NULL, NULL, NULL, NULL),
	(714, ' PEMDA 1', NULL, NULL, NULL, NULL, NULL, NULL, NULL, NULL, NULL, NULL, NULL, NULL, NULL, NULL, '0', '2025-08-24 22:04:29', '2025-08-24 22:04:29', NULL, NULL, NULL, NULL, NULL),
	(715, ' PEMDA 2', NULL, NULL, NULL, NULL, NULL, NULL, NULL, NULL, NULL, NULL, NULL, NULL, NULL, NULL, '0', '2025-08-24 22:04:32', '2025-08-24 22:04:32', NULL, NULL, NULL, NULL, NULL),
	(716, ' PELABUHAN PUNGGUR ', NULL, NULL, NULL, NULL, NULL, NULL, NULL, NULL, NULL, NULL, NULL, NULL, NULL, NULL, '0', '2025-08-24 22:04:34', '2025-08-24 22:04:34', NULL, NULL, NULL, NULL, NULL),
	(717, ' GLORY RAFLES ', NULL, NULL, NULL, NULL, NULL, NULL, NULL, NULL, NULL, NULL, NULL, NULL, NULL, NULL, '0', '2025-08-24 22:04:42', '2025-08-24 22:04:42', NULL, NULL, NULL, NULL, NULL),
	(718, ' NUSA SOLAR INDONESIA', NULL, NULL, NULL, NULL, NULL, NULL, NULL, NULL, NULL, NULL, NULL, NULL, NULL, NULL, '0', '2025-08-24 22:04:46', '2025-08-24 22:04:46', NULL, NULL, NULL, NULL, NULL),
	(719, 'GH A', NULL, NULL, NULL, NULL, NULL, NULL, NULL, NULL, NULL, NULL, NULL, NULL, NULL, NULL, '0', '2025-08-24 22:04:48', '2025-08-24 22:04:48', NULL, NULL, NULL, NULL, NULL),
	(720, ' NUSA INDAH 1', NULL, NULL, NULL, NULL, NULL, NULL, NULL, NULL, NULL, NULL, NULL, NULL, NULL, NULL, '0', '2025-08-24 22:04:52', '2025-08-24 22:04:52', NULL, NULL, NULL, NULL, NULL),
	(721, 'GH B', NULL, NULL, NULL, NULL, NULL, NULL, NULL, NULL, NULL, NULL, NULL, NULL, NULL, NULL, '0', '2025-08-24 22:04:56', '2025-08-24 22:04:56', NULL, NULL, NULL, NULL, NULL),
	(722, ' TUNAS  PRIMA', NULL, NULL, NULL, NULL, NULL, NULL, NULL, NULL, NULL, NULL, NULL, NULL, NULL, NULL, '0', '2025-08-24 22:04:59', '2025-08-24 22:04:59', NULL, NULL, NULL, NULL, NULL),
	(723, 'GRAND AVENUE', NULL, NULL, NULL, NULL, NULL, NULL, NULL, NULL, NULL, NULL, NULL, NULL, NULL, NULL, '0', '2025-08-24 22:05:02', '2025-08-24 22:05:02', NULL, NULL, NULL, NULL, NULL),
	(724, 'BENGKONG LAUT', NULL, NULL, NULL, NULL, NULL, NULL, NULL, NULL, NULL, NULL, NULL, NULL, NULL, NULL, '0', '2025-08-24 22:05:04', '2025-08-24 22:05:04', NULL, NULL, NULL, NULL, NULL),
	(725, 'NONGSA GREEN CITY 3', NULL, NULL, NULL, NULL, NULL, NULL, NULL, NULL, NULL, NULL, NULL, NULL, NULL, NULL, '0', '2025-08-24 22:05:08', '2025-08-24 22:05:08', NULL, NULL, NULL, NULL, NULL),
	(726, 'HIASINDA', NULL, NULL, NULL, NULL, NULL, NULL, NULL, NULL, NULL, NULL, NULL, NULL, NULL, NULL, '0', '2025-08-24 22:05:11', '2025-08-24 22:05:11', NULL, NULL, NULL, NULL, NULL),
	(727, ' CEMARA ASRI 2', NULL, NULL, NULL, NULL, NULL, NULL, NULL, NULL, NULL, NULL, '78772400', '', NULL, NULL, '1', '2025-08-24 22:05:18', '2025-09-03 01:29:03', NULL, 1, NULL, 50148200, 28624200),
	(728, 'GH HORIZON', NULL, NULL, NULL, NULL, NULL, NULL, NULL, NULL, NULL, NULL, NULL, NULL, NULL, NULL, '0', '2025-08-24 22:05:21', '2025-08-24 22:05:21', NULL, NULL, NULL, NULL, NULL),
	(729, 'RUKO MITRA RAYA', NULL, NULL, NULL, NULL, NULL, NULL, NULL, NULL, NULL, NULL, NULL, NULL, NULL, NULL, '0', '2025-08-24 22:05:25', '2025-08-24 22:05:25', NULL, NULL, NULL, NULL, NULL),
	(730, ' HOKSENG', NULL, NULL, NULL, NULL, NULL, NULL, NULL, NULL, NULL, NULL, NULL, NULL, NULL, NULL, '0', '2025-08-24 22:05:28', '2025-08-24 22:05:28', NULL, NULL, NULL, NULL, NULL),
	(731, 'GT IDN SOLAR', NULL, NULL, NULL, NULL, NULL, NULL, NULL, NULL, NULL, NULL, NULL, NULL, NULL, NULL, '0', '2025-08-24 22:05:30', '2025-08-24 22:05:30', NULL, NULL, NULL, NULL, NULL),
	(732, 'KAV NONGSA 2', NULL, NULL, NULL, NULL, NULL, NULL, NULL, NULL, NULL, NULL, NULL, NULL, NULL, NULL, '0', '2025-08-24 22:05:34', '2025-08-24 22:05:34', NULL, NULL, NULL, NULL, NULL),
	(733, 'GEREJA REFORMED', NULL, NULL, NULL, NULL, NULL, NULL, NULL, NULL, NULL, NULL, NULL, NULL, NULL, NULL, '0', '2025-08-24 22:05:37', '2025-08-24 22:05:37', NULL, NULL, NULL, NULL, NULL),
	(734, ' MAN IC NONGSA', NULL, NULL, NULL, NULL, NULL, NULL, NULL, NULL, NULL, NULL, NULL, NULL, NULL, NULL, '0', '2025-08-24 22:05:40', '2025-08-24 22:05:40', NULL, NULL, NULL, NULL, NULL),
	(735, 'OLEANA PARK BLOK B', NULL, NULL, NULL, NULL, NULL, NULL, NULL, NULL, NULL, NULL, NULL, NULL, NULL, NULL, '0', '2025-08-24 22:05:43', '2025-08-24 22:05:43', NULL, NULL, NULL, NULL, NULL),
	(736, 'TANJUNG TERITIP SISIPAN', NULL, NULL, NULL, NULL, NULL, NULL, NULL, NULL, NULL, NULL, NULL, NULL, NULL, NULL, '0', '2025-09-02 18:57:09', '2025-09-02 18:57:09', NULL, NULL, NULL, NULL, NULL),
	(737, 'KANTOR YANTEL PT TELKOM', NULL, NULL, NULL, NULL, NULL, NULL, NULL, NULL, NULL, NULL, NULL, NULL, NULL, NULL, '0', '2025-09-02 18:58:05', '2025-09-02 18:58:05', NULL, NULL, NULL, NULL, NULL),
	(738, 'HIN-HIN', NULL, NULL, NULL, NULL, NULL, NULL, NULL, NULL, NULL, NULL, NULL, NULL, NULL, NULL, '0', '2025-09-02 18:58:26', '2025-09-02 18:58:26', NULL, NULL, NULL, NULL, NULL),
	(739, 'KWEK EK TJAI', NULL, NULL, NULL, NULL, NULL, NULL, NULL, NULL, NULL, NULL, NULL, NULL, NULL, NULL, '0', '2025-09-02 18:58:44', '2025-09-02 18:58:44', NULL, NULL, NULL, NULL, NULL),
	(740, 'PORTABLE PT WIWOA MULTI', NULL, NULL, NULL, NULL, NULL, NULL, NULL, NULL, NULL, NULL, NULL, NULL, NULL, NULL, '0', '2025-09-02 19:04:22', '2025-09-02 19:04:22', NULL, NULL, NULL, NULL, NULL),
	(741, 'ES KRISTAL', NULL, NULL, NULL, NULL, NULL, NULL, NULL, NULL, NULL, NULL, NULL, NULL, NULL, NULL, '0', '2025-09-02 19:05:23', '2025-09-02 19:05:23', NULL, NULL, NULL, NULL, NULL),
	(742, 'TANJUNG UMA 6', NULL, NULL, NULL, NULL, NULL, NULL, NULL, NULL, NULL, NULL, NULL, NULL, NULL, NULL, '0', '2025-09-02 19:05:39', '2025-09-02 19:05:39', NULL, NULL, NULL, NULL, NULL),
	(743, 'FANTASTIC ASIA INTERNATIONAL', NULL, NULL, NULL, NULL, NULL, NULL, NULL, NULL, NULL, NULL, NULL, NULL, NULL, NULL, '0', '2025-09-02 19:05:55', '2025-09-02 19:05:55', NULL, NULL, NULL, NULL, NULL),
	(744, 'HOTEL PENUIN', NULL, NULL, NULL, NULL, NULL, NULL, NULL, NULL, NULL, NULL, NULL, NULL, NULL, NULL, '0', '2025-09-02 19:06:46', '2025-09-02 19:06:46', NULL, NULL, NULL, NULL, NULL),
	(745, 'MASWAHANA CITA BUANA', NULL, NULL, NULL, NULL, NULL, NULL, NULL, NULL, NULL, NULL, NULL, NULL, NULL, NULL, '0', '2025-09-02 19:07:04', '2025-09-02 19:07:04', NULL, NULL, NULL, NULL, NULL),
	(746, 'PT INTAN SRIJAYARAYA', NULL, NULL, NULL, NULL, NULL, NULL, NULL, NULL, NULL, NULL, NULL, NULL, NULL, NULL, '0', '2025-09-02 19:16:58', '2025-09-02 19:16:58', NULL, NULL, NULL, NULL, NULL),
	(747, 'GEREJA HKBP LUBUK BAJA', NULL, NULL, NULL, NULL, NULL, NULL, NULL, NULL, NULL, NULL, NULL, NULL, NULL, NULL, '0', '2025-09-02 19:17:16', '2025-09-02 19:17:16', NULL, NULL, NULL, NULL, NULL),
	(748, 'POLRESTA BARELANG', NULL, NULL, NULL, NULL, NULL, NULL, NULL, NULL, NULL, NULL, NULL, NULL, NULL, NULL, '0', '2025-09-02 19:28:35', '2025-09-02 19:28:35', NULL, NULL, NULL, NULL, NULL),
	(749, 'PT Bank Sinar Mas', NULL, NULL, NULL, NULL, NULL, NULL, NULL, NULL, NULL, NULL, NULL, NULL, NULL, NULL, '0', '2025-09-03 00:12:22', '2025-09-03 00:12:22', NULL, NULL, NULL, NULL, NULL),
	(750, 'PT Icon Plus', NULL, NULL, NULL, NULL, NULL, NULL, NULL, NULL, NULL, NULL, NULL, NULL, NULL, NULL, '0', '2025-09-03 00:15:45', '2025-09-03 00:15:45', NULL, NULL, NULL, NULL, NULL),
	(751, 'MMR GI Baloi', NULL, NULL, NULL, NULL, NULL, NULL, NULL, NULL, NULL, NULL, '88766850', '', '2025-04-12', NULL, '1', '2025-09-03 00:17:50', '2025-09-03 00:24:16', NULL, 1, NULL, 47188000, 41578850),
	(752, 'GI Batu Besar', NULL, NULL, NULL, NULL, NULL, NULL, NULL, NULL, NULL, NULL, '89157700', '', NULL, NULL, '1', '2025-09-03 00:35:21', '2025-09-03 00:37:14', NULL, 1, NULL, 47578850, 41578850),
	(753, '   	 GD Nongsa Greencity 3 ', NULL, NULL, NULL, NULL, NULL, NULL, NULL, NULL, NULL, NULL, '66668200', '', NULL, NULL, '1', '2025-09-03 00:47:22', '2025-09-03 00:50:08', NULL, 1, NULL, 50457100, 16211100),
	(754, '   	 GT Grand  Avenue', NULL, NULL, NULL, NULL, NULL, NULL, NULL, NULL, NULL, NULL, '85302800', '', NULL, NULL, '1', '2025-09-03 00:56:55', '2025-09-03 00:57:56', NULL, 1, NULL, 70359500, 14943300),
	(755, '   	 GH Bengkong Laut ', NULL, NULL, NULL, NULL, NULL, NULL, NULL, NULL, NULL, NULL, '49879300', '', NULL, NULL, '1', '2025-09-03 01:04:15', '2025-09-03 01:05:02', NULL, 1, NULL, 42695000, 7184300),
	(756, 'GD PT. Hiasindah Bangun Raya', NULL, NULL, NULL, NULL, NULL, NULL, NULL, NULL, NULL, NULL, '95237800', '', NULL, NULL, '1', '2025-09-03 01:14:25', '2025-09-03 01:15:27', NULL, 1, NULL, 57489000, 37748800),
	(757, '   	 HH Simpang Sambau ', NULL, NULL, NULL, NULL, NULL, NULL, NULL, NULL, NULL, NULL, '338847300', '', NULL, NULL, '1', '2025-09-03 01:14:30', '2025-09-03 01:15:45', NULL, 1, NULL, 120756000, 218091300),
	(758, '   	 GH Lapangan Bola', NULL, NULL, NULL, NULL, NULL, NULL, NULL, NULL, NULL, NULL, '595381800', '', NULL, NULL, '1', '2025-09-03 01:19:47', '2025-09-03 01:20:44', NULL, 1, NULL, 215233000, 380148800);

-- Dumping structure for table jarti.users
CREATE TABLE IF NOT EXISTS `users` (
  `user_id` bigint unsigned NOT NULL AUTO_INCREMENT,
  `user_photo` varchar(255) CHARACTER SET utf8mb4 COLLATE utf8mb4_unicode_ci DEFAULT NULL,
  `latitude` decimal(10,8) DEFAULT NULL,
  `longitude` decimal(11,8) DEFAULT NULL,
  `address` text COLLATE utf8mb4_unicode_ci,
  `name` varchar(255) CHARACTER SET utf8mb4 COLLATE utf8mb4_unicode_ci NOT NULL,
  `email` varchar(255) CHARACTER SET utf8mb4 COLLATE utf8mb4_unicode_ci NOT NULL,
  `email_verified_at` timestamp NULL DEFAULT NULL,
  `password` varchar(255) CHARACTER SET utf8mb4 COLLATE utf8mb4_unicode_ci NOT NULL,
  `user_gender` enum('Laki-Laki','Perempuan') CHARACTER SET utf8mb4 COLLATE utf8mb4_unicode_ci DEFAULT 'Laki-Laki',
  `user_birthday` date DEFAULT NULL,
  `user_address` varchar(255) CHARACTER SET utf8mb4 COLLATE utf8mb4_unicode_ci DEFAULT NULL,
  `user_marital` enum('Belum Menikah','Menikah') CHARACTER SET utf8mb4 COLLATE utf8mb4_unicode_ci DEFAULT NULL,
  `user_type` enum('Pegawai','OJT','TAD','HPI') CHARACTER SET utf8mb4 COLLATE utf8mb4_unicode_ci DEFAULT NULL,
  `user_status` tinyint(1) DEFAULT '1',
  `remember_token` varchar(100) CHARACTER SET utf8mb4 COLLATE utf8mb4_unicode_ci DEFAULT NULL,
  `created_at` timestamp NULL DEFAULT NULL,
  `updated_at` timestamp NULL DEFAULT NULL,
  `last_seen` timestamp NULL DEFAULT NULL,
  `last_location_update` timestamp NULL DEFAULT NULL,
  `location_tracking_enabled` tinyint(1) NOT NULL DEFAULT '1',
  `current_latitude` decimal(10,8) DEFAULT NULL,
  `current_longitude` decimal(11,8) DEFAULT NULL,
  `current_address` varchar(255) COLLATE utf8mb4_unicode_ci DEFAULT NULL,
  `deleted_at` timestamp NULL DEFAULT NULL,
  `role_id` bigint unsigned NOT NULL,
  `field_id` int DEFAULT NULL,
  `guid` varchar(255) CHARACTER SET utf8mb4 COLLATE utf8mb4_unicode_ci DEFAULT NULL,
  `domain` varchar(255) CHARACTER SET utf8mb4 COLLATE utf8mb4_unicode_ci DEFAULT NULL,
  `username` varchar(50) CHARACTER SET utf8mb4 COLLATE utf8mb4_unicode_ci DEFAULT NULL,
  PRIMARY KEY (`user_id`) USING BTREE,
  UNIQUE KEY `users_email_unique` (`email`) USING BTREE,
  UNIQUE KEY `users_guid_unique` (`guid`) USING BTREE,
  KEY `users_role_id_foreign` (`role_id`) USING BTREE,
  KEY `users_latitude_longitude_index` (`latitude`,`longitude`),
  KEY `users_updated_at_index` (`updated_at`),
  CONSTRAINT `users_role_id_foreign` FOREIGN KEY (`role_id`) REFERENCES `roles` (`role_id`) ON DELETE RESTRICT ON UPDATE RESTRICT
) ENGINE=InnoDB AUTO_INCREMENT=61 DEFAULT CHARSET=utf8mb4 COLLATE=utf8mb4_unicode_ci ROW_FORMAT=DYNAMIC;

-- Dumping data for table jarti.users: ~54 rows (approximately)
DELETE FROM `users`;
INSERT INTO `users` (`user_id`, `user_photo`, `latitude`, `longitude`, `address`, `name`, `email`, `email_verified_at`, `password`, `user_gender`, `user_birthday`, `user_address`, `user_marital`, `user_type`, `user_status`, `remember_token`, `created_at`, `updated_at`, `last_seen`, `last_location_update`, `location_tracking_enabled`, `current_latitude`, `current_longitude`, `current_address`, `deleted_at`, `role_id`, `field_id`, `guid`, `domain`, `username`) VALUES
	(1, 'avatars/01K3R07NXJ8FZT88Q0EM37J6CM.jpeg', NULL, NULL, NULL, 'Admin', 'alfanalfian622@gmail.com', NULL, '$2y$12$WigTzjZsJTre7wzaqyAJ1e99fTHG9VFHZnItSAndlVtwFTJqggIGe', 'Laki-Laki', '1945-01-01', 'DIY, Bantul, Kasihan, Tamantirto, Ringroad Barat', 'Belum Menikah', 'OJT', 1, '4yT4oPWblzDkpcCMZd1BHCBw5DNROyr7Hvo1T81KKVS7MKnCO56Fjo5iXiY0', NULL, '2025-08-28 02:30:40', NULL, NULL, 1, NULL, NULL, NULL, NULL, 1, 11, NULL, NULL, ''),
	(2, NULL, NULL, NULL, NULL, 'Aktivasi', 'aktivasi@mail.com', NULL, '$2y$12$b9fjsDXCxadYQKxquMeaWu9v9ttP33YJgGMEO1Z2AGBsy8CCYeS5y', NULL, NULL, NULL, NULL, NULL, 0, NULL, '2025-08-10 09:41:52', '2025-08-26 08:05:12', NULL, NULL, 1, NULL, NULL, NULL, '2025-08-26 08:05:12', 2, NULL, NULL, NULL, NULL),
	(3, NULL, NULL, NULL, NULL, 'Apri Ismanto', 'apri@plnbatam.com', NULL, '$2y$12$pgSddfRn7H32cLeG0ryn8e.KIjUdDsdulaZbo5G9cAB11X0pp2cd.', NULL, NULL, NULL, NULL, 'Pegawai', 1, NULL, '2025-08-10 10:08:48', '2025-08-10 10:08:48', NULL, NULL, 1, NULL, NULL, NULL, NULL, 8, 11, NULL, NULL, NULL),
	(5, NULL, NULL, NULL, NULL, 'Ardiansyah', 'ardiansyah@plnbatam.com', NULL, '$2y$12$8LgBaUVs5eWtJw2f7DQNKufH4odV.fkxOG/hpgV6m1gosFMI/.Fku', NULL, NULL, NULL, NULL, 'Pegawai', 0, NULL, '2025-08-10 10:10:28', '2025-08-24 19:26:33', NULL, NULL, 1, NULL, NULL, NULL, NULL, 5, 11, NULL, NULL, NULL),
	(6, NULL, NULL, NULL, NULL, 'Yoga Yonarae', 'yoga@plnbatam.com', NULL, '$2y$12$zz3KDQlZqOaQUQLnRk4cNuBy8EhMi2w41Lbu/IIe64V3oApYaJsp.', 'Laki-Laki', NULL, NULL, 'Menikah', 'Pegawai', 1, NULL, '2025-08-10 10:12:13', '2025-08-24 19:27:16', NULL, NULL, 1, NULL, NULL, NULL, NULL, 6, 11, NULL, NULL, NULL),
	(7, NULL, NULL, NULL, NULL, 'Aprianti', 'admininfra1@plnbatam.com', NULL, '$2y$12$Rkejnpdxy.YcqoMPYfInkeQzsN8P2fdeihPN1pekdn12qnyNXA5OO', NULL, NULL, NULL, NULL, 'HPI', 1, NULL, '2025-08-12 06:40:55', '2025-08-24 19:21:57', NULL, NULL, 1, NULL, NULL, NULL, NULL, 3, 5, NULL, NULL, NULL),
	(8, 'avatars/01K37WQ1NBWP9SKRX0RDCVZWYE.jpg', NULL, NULL, NULL, 'April Antoni', 'antoniapril@gmail.com', NULL, '$2y$12$iUQ1CfgZ.5pYcJym8jVaOOLCX6HgQzksYPbmZ/kR8YBt0snKyKT4G', 'Laki-Laki', '1983-02-01', 'Pondok Awal Indah Blok F No.18', 'Menikah', 'HPI', 1, 'FYyXE2kSoy5GFR335N4ioqVNhdfBWOmRvFDhCPujVFybDoahm8AP1B5PJu4A', '2025-08-12 06:41:26', '2025-08-26 17:56:40', NULL, NULL, 1, NULL, NULL, NULL, NULL, 2, 6, NULL, NULL, NULL),
	(9, 'avatars/01K37VXQ69H3KFQ1TD50XAZ8VS.png', NULL, NULL, NULL, 'Tarsisius', 'tarsisiusdebryanto@gmail.com', NULL, '$2y$12$Q/bopqY1P7er1nv/FltQN.md67CNLa50dNwttlD.JxOLUziXloPrS', 'Laki-Laki', '1982-01-24', 'Mangsang permai Blok N no 116', 'Menikah', 'HPI', 1, NULL, '2025-08-12 06:42:05', '2025-08-26 17:55:55', NULL, NULL, 1, NULL, NULL, NULL, NULL, 2, 6, NULL, NULL, NULL),
	(10, NULL, NULL, NULL, NULL, 'Wawan', 'darel.darmawan@gmail.com', NULL, '$2y$12$TtzVdi2slNmvXjYhstXj2.BCwh5v1D5D5uXBylYGS7V2vQGEx/NbS', NULL, NULL, NULL, NULL, 'HPI', 0, NULL, '2025-08-12 06:42:26', '2025-08-21 02:25:41', NULL, NULL, 1, NULL, NULL, NULL, NULL, 2, 6, NULL, NULL, NULL),
	(11, NULL, NULL, NULL, NULL, 'Vincentius Rinaldo Nainggolan', 'vincentius.rinaldo@gmail.com', NULL, '$2y$12$f/kdyEjho92fu.XKyA27OOg/ViH0d25ZrGhVj07ZqHkUPTpjI6bYq', 'Laki-Laki', NULL, 'Tiban Koperasi U47, Kel. Tiban Baru, Kec. Sekupang, Kota Batam', 'Belum Menikah', 'OJT', 1, NULL, '2025-08-13 00:07:16', '2025-08-26 18:20:40', NULL, NULL, 1, NULL, NULL, NULL, NULL, 1, 11, NULL, NULL, NULL),
	(12, NULL, NULL, NULL, NULL, 'Nur Hariska Wati', 'rika53097@gmail.com', NULL, '$2y$12$.h83mLjMq5R9gwz5XNN8reo3b6CcxzRGiyGWLE92r66ybXUYQowWi', NULL, NULL, NULL, NULL, 'TAD', 1, 'Ot4XpOeWguRzW5wZrtt2pOcXzTWPVObWHzenf4c8qMJi7iwvfplJPXlrFFiS', '2025-08-13 22:19:14', '2025-08-13 22:19:14', NULL, NULL, 1, NULL, NULL, NULL, NULL, 3, 5, NULL, NULL, NULL),
	(13, 'avatars/01K360Y9FECDPVQPAS66Z2QQ2G.jpg', NULL, NULL, NULL, 'Riyansyah Purba', 'riyansyah@mail.com', NULL, '$2y$12$JvVsEEVtWPPUiNklKty/oOKoJ.EC2boX/g/B.aocLKFmPyJlKWF4G', 'Laki-Laki', '1996-03-06', 'Kartini 1 no 55 - Sekupang ', 'Menikah', 'TAD', 0, NULL, '2025-08-20 21:20:26', '2025-08-21 02:56:41', NULL, NULL, 1, NULL, NULL, NULL, NULL, 10, 2, NULL, NULL, NULL),
	(14, 'avatars/01K35SR9DJJ800DP4W9KZYZCGT.png', NULL, NULL, NULL, 'Eko Syah Putra Siahaan', 'Ekosyahputra@mail.com', NULL, '$2y$12$wj3ekthOXog0yp/F/uEKS.gqeapQ19M7hDubHSd3tVs1FlcqL2Ixi', 'Laki-Laki', '1993-12-16', 'Villa Pesona Asri Blok A-9 No.5, Batam Kota. Kepulauan Riau.', 'Belum Menikah', 'TAD', 1, NULL, '2025-08-20 21:20:41', '2025-08-21 00:51:05', NULL, NULL, 1, NULL, NULL, NULL, NULL, 11, 1, NULL, NULL, NULL),
	(15, NULL, NULL, NULL, NULL, 'Irwan Aritonang', 'irwan@mail.com', NULL, '$2y$12$.rN0llWUNHUr8I5GgtTRX.mIALqkPe1Vvq7EF53e0PkdHNWBkZC7y', 'Laki-Laki', NULL, NULL, NULL, 'TAD', 1, NULL, '2025-08-20 21:20:50', '2025-08-20 21:20:50', NULL, NULL, 1, NULL, NULL, NULL, NULL, 10, 2, NULL, NULL, NULL),
	(16, 'avatars/01K35SNNCX1YCY8F4YA39E8S3Q.jpg', NULL, NULL, NULL, 'Kuwat Gunawan', 'Kuwat@mail.com', NULL, '$2y$12$yx03TEOM6g/S.ipikyfIruz8CmOWwTtmx3JGNUwkiJmtmdPVM508K', 'Laki-Laki', '1997-11-23', 'Kampung seraya RT05/01', 'Belum Menikah', 'TAD', 1, NULL, '2025-08-20 21:21:05', '2025-08-21 00:49:39', NULL, NULL, 1, NULL, NULL, NULL, NULL, 11, 1, NULL, NULL, NULL),
	(17, NULL, NULL, NULL, NULL, 'Dwi Yuli Wijayanto', 'dwi@mail.com', NULL, '$2y$12$WEphU1iATbuK8DzjtGxD9ulID0xRcIU/eWVnXCKPGtoE3TiUccRL.', 'Laki-Laki', NULL, NULL, NULL, 'TAD', 1, NULL, '2025-08-20 21:21:20', '2025-08-20 21:21:20', NULL, NULL, 1, NULL, NULL, NULL, NULL, 10, 2, NULL, NULL, NULL),
	(18, NULL, NULL, NULL, NULL, 'Aris Supprihatin', 'aris@mail.com', NULL, '$2y$12$zzSM8fohVNR6FtuzOqChLeAkQyYP0k.LkRhLrSMqbbso.R4GWLlh6', 'Laki-Laki', NULL, NULL, NULL, 'TAD', 1, NULL, '2025-08-20 21:21:51', '2025-08-21 02:24:46', NULL, NULL, 1, NULL, NULL, NULL, NULL, 10, 2, NULL, NULL, NULL),
	(19, 'avatars/01K35WQP8PAJYEN1G4G8RNBM7K.jpeg', NULL, NULL, NULL, 'Mohammad Rifki Mahardhika', 'Rifki@mail.com', NULL, '$2y$12$MnPunswR6wyxcBNxaBZNfu10cXSMOiaarTHooJedBmaMOx49WP9TC', 'Laki-Laki', '1995-08-10', 'Perum. Taman Sari Hijau Blok F3 No.3, Tiban Baru, Sekupang, Batam', 'Belum Menikah', 'TAD', 1, NULL, '2025-08-20 21:21:59', '2025-08-21 01:43:11', NULL, NULL, 1, NULL, NULL, NULL, NULL, 11, 2, NULL, NULL, NULL),
	(20, NULL, NULL, NULL, NULL, 'Bima Aditya Erlangga', 'bima@mail.com', NULL, '$2y$12$8XJ0hIOo0RN3Ktna8Cder.l1a6FNoeugblHio6WG6msJsA4EcS1pW', 'Laki-Laki', NULL, NULL, NULL, 'TAD', 1, NULL, '2025-08-20 21:22:26', '2025-08-20 21:22:26', NULL, NULL, 1, NULL, NULL, NULL, NULL, 10, NULL, NULL, NULL, NULL),
	(21, 'avatars/01K3JK00QTAMN2GQJNRN4N113N.jpg', NULL, NULL, NULL, 'Jonatan Lumban Raja', 'Joe@mail.com', NULL, '$2y$12$jdx71PJlVX.OiNm6lllzl.93ifv3G724SR9w0o3rfd75CULFwQmGS', 'Laki-Laki', '1994-06-16', 'Masyeba Batu aji Blok A no 3', 'Belum Menikah', 'TAD', 1, '5DWPd5CKNxmOhBeuZvh44SAhOsLFlNinzhLzsEzFdWRupKxBdStN1rH0UF15', '2025-08-20 21:22:28', '2025-08-26 00:03:05', NULL, NULL, 1, NULL, NULL, NULL, NULL, 12, 9, NULL, NULL, NULL),
	(22, 'avatars/01K35ZE2474V3T10TZR2ZDHBBY.png', NULL, NULL, NULL, 'Muhammad Abidin', 'abidin@mail.com', NULL, '$2y$12$sAAKVPTF0ku7KutCqqV4aeyQENrps6oflH1gTdOiZbXQxEyxvn2H.', 'Laki-Laki', '1994-07-30', 'Tanjung Buntung Blok B No.18', 'Menikah', 'TAD', 1, NULL, '2025-08-20 21:22:52', '2025-08-21 02:30:21', NULL, NULL, 1, NULL, NULL, NULL, NULL, 4, 1, NULL, NULL, NULL),
	(23, 'avatars/01K35SM1XBZSS2RMYH7Z4TXKHH.JPG', NULL, NULL, NULL, 'Adam Suyudi', 'adam.suyudi@gmail.com', NULL, '$2y$12$Pw0SyR4cUCOeAppsXF8CfOzn8oUvTpJK1BVvuV8IP4/Ri0K3RGGhG', 'Laki-Laki', '1994-06-05', 'Perumahan Purisasmaya Blok A11 No 05 Kelurahan Sambau Kecamatan Nongsa Kota Batam', 'Menikah', 'TAD', 1, NULL, '2025-08-20 21:22:56', '2025-08-21 00:48:46', NULL, NULL, 1, NULL, NULL, NULL, NULL, 11, 1, NULL, NULL, NULL),
	(24, 'avatars/01K35WWPAS1CRG6WNEEH2S1BYM.jpg', NULL, NULL, NULL, 'Egi Suseno', 'egi@mail.com', NULL, '$2y$12$ynbWFG/jBl7hW3.2FMTuieTFBYuKHBN3YGIZ/3cGuAhoMspqbm5Zu', 'Laki-Laki', '2002-09-11', 'Kavling Taman Baloi Blok B2 No. 23A RT 001 / RW 024, Kabil, Nongsa.', 'Belum Menikah', 'TAD', 0, NULL, '2025-08-20 21:23:13', '2025-08-21 01:45:54', NULL, NULL, 1, NULL, NULL, NULL, NULL, 4, 1, NULL, NULL, NULL),
	(25, 'avatars/01K3MHNWQCQ97ZGBW9BTBBC3JT.jpg', NULL, NULL, NULL, 'Theo Rahmat Ramadhan', 'Theo@mail.com', NULL, '$2y$12$Dcwgwg7114/r5B71dpk8CugNILEgJwlUFtCuvktAPLtkievcXH6Hm', 'Laki-Laki', '1996-12-24', NULL, 'Menikah', 'TAD', 1, NULL, '2025-08-20 21:23:22', '2025-08-26 18:18:34', NULL, NULL, 1, NULL, NULL, NULL, NULL, 11, 3, NULL, NULL, NULL),
	(26, 'avatars/01K36E0PFKKPTN946E71QAETGE.jpg', NULL, NULL, NULL, 'Kevin Joner', 'kevin@mail.com', NULL, '$2y$12$LUPkwgUB4h1oRdP/Dpf3e.aOjOUt7zMTRhPF.Lm3REq6/w0hHQ88q', 'Laki-Laki', '2000-05-01', 'Tiban damai blok C no 9', 'Belum Menikah', 'TAD', 1, NULL, '2025-08-20 21:23:38', '2025-08-21 06:45:11', NULL, NULL, 1, NULL, NULL, NULL, NULL, 4, 1, NULL, NULL, NULL),
	(27, NULL, NULL, NULL, NULL, 'Abi Yanto Saputra', 'abi@mail.com', NULL, '$2y$12$lbzhsQg/2qGirLP7ITIhH.1RlBnsQDLDwpkSrcTw6iQ6Ca.8iDf2m', 'Laki-Laki', '1994-05-24', 'Perum Pondok Pelangi Tahap 2 Blok F4 No 01', 'Menikah', 'TAD', 0, NULL, '2025-08-20 21:24:07', '2025-08-21 19:28:54', NULL, NULL, 1, NULL, NULL, NULL, NULL, 4, 1, NULL, NULL, NULL),
	(28, NULL, NULL, NULL, NULL, 'Muhammad Hafis', 'muhammad.hafis@mail.com', NULL, '$2y$12$Y3CcfRP63/rahUsdr8Kfv.DpKhwTW1kOr7xi7EvPXjJBoZZc0DrEC', 'Laki-Laki', NULL, NULL, NULL, 'TAD', 1, NULL, '2025-08-20 21:24:13', '2025-08-20 21:24:13', NULL, NULL, 1, NULL, NULL, NULL, NULL, 13, 4, NULL, NULL, NULL),
	(29, NULL, NULL, NULL, NULL, 'Muhammad Zidane Chasali', 'zidane@mail.com', NULL, '$2y$12$Adas6BZqOy/6L8y/dUr7K.Ut7oytdM9gb.dwmbFO7J0APSyK8Lgv.', 'Laki-Laki', '2002-01-02', 'Jl Bengkong sadai Blok C9 No.6', 'Menikah', 'TAD', 1, NULL, '2025-08-20 21:24:44', '2025-08-21 17:53:47', NULL, NULL, 1, NULL, NULL, NULL, NULL, 4, 1, NULL, NULL, NULL),
	(30, NULL, NULL, NULL, NULL, 'Putra Wahyu Sejati', 'putra@mail.com', NULL, '$2y$12$op5SSytl7zJBP8QtC2EINOnyNVSeK73/n51oT3AHMmznxQfYPsMwq', 'Laki-Laki', NULL, NULL, NULL, 'TAD', 1, NULL, '2025-08-20 21:25:52', '2025-08-20 21:25:52', NULL, NULL, 1, NULL, NULL, NULL, NULL, 14, 10, NULL, NULL, NULL),
	(31, NULL, NULL, NULL, NULL, 'Dandi Pradana Utama', 'Dandi.Pradana@mail.com', NULL, '$2y$12$miS2qR847VwF.gUmK/KXieK9kGJg5KqnF1BtsCraCkBiywwaK6kry', 'Laki-Laki', NULL, NULL, NULL, 'TAD', 1, NULL, '2025-08-20 21:26:06', '2025-08-20 21:26:06', NULL, NULL, 1, NULL, NULL, NULL, NULL, 19, 4, NULL, NULL, NULL),
	(32, NULL, NULL, NULL, NULL, 'Dio Andika Putra', 'dio@mail.com', NULL, '$2y$12$gTer65hfMKZRFNSRacwIBOBKV4bgyxHkDcJ19OEot1e4E4Ro0IJNG', 'Laki-Laki', NULL, NULL, NULL, 'TAD', 0, NULL, '2025-08-20 21:26:17', '2025-08-20 21:26:17', NULL, NULL, 1, NULL, NULL, NULL, NULL, 15, 10, NULL, NULL, NULL),
	(33, NULL, NULL, NULL, NULL, 'Darmawan Sahputra', 'Darmawan@mail.com', NULL, '$2y$12$0XfwQ5RkAjCs1uBxHIeL9O3XBYMmuLulykBxmjaEdkr5uToN7UHYe', 'Laki-Laki', NULL, NULL, NULL, 'TAD', 1, NULL, '2025-08-20 21:26:33', '2025-08-20 21:26:33', NULL, NULL, 1, NULL, NULL, NULL, NULL, 19, 6, NULL, NULL, NULL),
	(34, NULL, NULL, NULL, NULL, 'Zamri', 'zamri@mail.com', NULL, '$2y$12$EPFfJN0zzmCLQUmwicbhkelR7HSvehkDlazu754JHiZGPSBBLIFeO', 'Laki-Laki', NULL, NULL, NULL, 'TAD', 1, NULL, '2025-08-20 21:26:44', '2025-08-20 21:26:44', NULL, NULL, 1, NULL, NULL, NULL, NULL, 16, 10, NULL, NULL, NULL),
	(35, NULL, NULL, NULL, NULL, 'Riki Ariyanto', 'Riki.Ariyanto@mail.com', NULL, '$2y$12$9Epd9OdmkkxamAnxiK1RuuH782sFdtiiT8BTMMilD7hOBNl7zQt4C', 'Laki-Laki', NULL, NULL, NULL, 'TAD', 1, NULL, '2025-08-20 21:27:10', '2025-08-20 21:27:10', NULL, NULL, 1, NULL, NULL, NULL, NULL, 19, 4, NULL, NULL, NULL),
	(36, NULL, NULL, NULL, NULL, 'M.Taufik Karnandi', 'taufik@mail.com', NULL, '$2y$12$/0zf81SzE4OJw4x8CtcYl.RKbfCCXV/mh7vjh0yInWI8IVZpxs6x6', 'Laki-Laki', NULL, NULL, NULL, 'TAD', 0, NULL, '2025-08-20 21:27:19', '2025-08-20 21:27:19', NULL, NULL, 1, NULL, NULL, NULL, NULL, 17, 10, NULL, NULL, NULL),
	(37, NULL, NULL, NULL, NULL, 'Abd Kadir', 'Kadir@mail.com', NULL, '$2y$12$CpKAZ9XU3i.9oywWHKIsbeLEcRFEPcuzEz/BZbcDks92CyxYLBCxG', 'Laki-Laki', NULL, NULL, NULL, 'TAD', 0, NULL, '2025-08-20 21:27:32', '2025-08-20 21:27:32', NULL, NULL, 1, NULL, NULL, NULL, NULL, 19, 4, NULL, NULL, NULL),
	(38, NULL, NULL, NULL, NULL, 'Rendi Kurniawan', 'rendi@mail.com', NULL, '$2y$12$huiNlo0nTW47r5Wa5uQRa.MuUlm/1LO59IWFBqdDoUg7lFfPLVxpW', 'Laki-Laki', NULL, NULL, NULL, 'TAD', 0, NULL, '2025-08-20 21:27:53', '2025-08-20 21:27:53', NULL, NULL, 1, NULL, NULL, NULL, NULL, 17, 10, NULL, NULL, NULL),
	(39, NULL, NULL, NULL, NULL, 'Aldi Pratama', 'Aldi.pratama@mail.com', NULL, '$2y$12$dzLmQ9gm.BJETfTJYUFoVeLi2dBCIw.Mh8WVRh0EUdX3bO6RDtXdG', 'Laki-Laki', NULL, NULL, NULL, 'TAD', 1, NULL, '2025-08-20 21:27:54', '2025-08-20 21:27:54', NULL, NULL, 1, NULL, NULL, NULL, NULL, 19, NULL, NULL, NULL, NULL),
	(40, NULL, NULL, NULL, NULL, 'Eka Wahyuni', 'Eka.wahyuni@mail.com', NULL, '$2y$12$LomwWDnpm4gXqZiJIUEj4.h/RoFrVOEa04E3z3sckB3t3Dg87hiL2', 'Perempuan', NULL, NULL, NULL, 'TAD', 1, NULL, '2025-08-20 21:28:28', '2025-08-20 21:28:28', NULL, NULL, 1, NULL, NULL, NULL, NULL, 15, 1, NULL, NULL, NULL),
	(41, NULL, NULL, NULL, NULL, 'Dedi Maulana', 'dedi@mail.com', NULL, '$2y$12$CqCFs0dp8td.NbCcTjoL8.wEmuz1Mnw21Kh0K96jzh7672RJZzqUy', 'Laki-Laki', NULL, NULL, NULL, 'TAD', 0, NULL, '2025-08-20 21:28:33', '2025-08-20 21:28:33', NULL, NULL, 1, NULL, NULL, NULL, NULL, 18, 10, NULL, NULL, NULL),
	(42, NULL, NULL, NULL, NULL, 'Muhammad Iqbal', 'iqbal@mail.com', NULL, '$2y$12$J0ncSXVykETCfpMspGM1b.ZcKyzr4ZL31S8BGuOMrkgR5/NhZwz0e', 'Laki-Laki', NULL, NULL, NULL, 'TAD', 0, NULL, '2025-08-20 21:28:55', '2025-08-20 21:28:55', NULL, NULL, 1, NULL, NULL, NULL, NULL, 18, 10, NULL, NULL, NULL),
	(43, NULL, NULL, NULL, NULL, 'Sadam Husain', 'Sadam.husain@mail.com', NULL, '$2y$12$KgbjDGUY8DJeRvio8PCgy../OPldHLiVbSUDvitzi74VXuOhqaY8G', 'Laki-Laki', NULL, NULL, NULL, 'TAD', 1, NULL, '2025-08-20 21:28:55', '2025-08-20 21:28:55', NULL, NULL, 1, NULL, NULL, NULL, NULL, 20, NULL, NULL, NULL, NULL),
	(44, NULL, NULL, NULL, NULL, 'Muhammad Zakky Indrawan', 'Muhammad.zakky@mail.com', NULL, '$2y$12$vhHiB3Ubx6gV3itIJ5D.U.rLE7CrfTcFinEQoLxKlHPXkh4CtzlJK', 'Laki-Laki', NULL, NULL, NULL, 'TAD', 1, NULL, '2025-08-20 21:29:28', '2025-08-20 21:29:28', NULL, NULL, 1, NULL, NULL, NULL, NULL, 20, NULL, NULL, NULL, NULL),
	(45, NULL, NULL, NULL, NULL, 'Agus Manusun Tumanggor', 'agus@mail.com', NULL, '$2y$12$K.uP7lAX7rI1nhDZBssvNeyMgH/vzhLSuZtnJAj33BmETJdbmV1Ym', 'Laki-Laki', NULL, NULL, NULL, 'TAD', 0, NULL, '2025-08-20 21:29:28', '2025-08-20 21:29:28', NULL, NULL, 1, NULL, NULL, NULL, NULL, 18, 10, NULL, NULL, NULL),
	(46, NULL, NULL, NULL, NULL, 'Ardi', 'ardi@mail.com', NULL, '$2y$12$an0vDmsKZVlPUuh6chc2O.jyaihultdqGFqn/s4c78Uuc8hpfGRiW', 'Laki-Laki', NULL, NULL, NULL, 'TAD', 0, NULL, '2025-08-20 21:29:50', '2025-08-20 21:29:50', NULL, NULL, 1, NULL, NULL, NULL, NULL, 19, 4, NULL, NULL, NULL),
	(47, NULL, NULL, NULL, NULL, 'Rahmad', 'Rahmad@mail.com', NULL, '$2y$12$38Kmajp9WNwHJG9W8epMBusbqnbnidx6nLAaYjaskXx8su/cpglpK', 'Laki-Laki', NULL, NULL, NULL, 'TAD', 1, NULL, '2025-08-20 21:29:53', '2025-08-20 21:29:53', NULL, NULL, 1, NULL, NULL, NULL, NULL, 16, NULL, NULL, NULL, NULL),
	(48, NULL, NULL, NULL, NULL, 'Zaid Fikri Awwaby', 'Zaid.fikri@mail.com', NULL, '$2y$12$QiIzzzroLvy/masbccUNgOrWBU3uL0kh7pYm9tz7cvR9DaN.HtkrS', 'Laki-Laki', NULL, NULL, NULL, 'TAD', 1, NULL, '2025-08-20 21:30:23', '2025-08-20 21:30:23', NULL, NULL, 1, NULL, NULL, NULL, NULL, 16, NULL, NULL, NULL, NULL),
	(49, NULL, NULL, NULL, NULL, 'Armeizir Nurgumala', 'armeizir@plnbatam.com', NULL, '$2y$12$wwnEbgL4sJbnmPWyno4XzOfz9dhig0eQjl88KQTYXyEMGwTB7eYOC', 'Laki-Laki', '1984-05-13', 'Komp. Hawaii Garden E/10 Batam Center', 'Menikah', 'Pegawai', 1, NULL, '2025-08-21 00:25:13', '2025-08-21 00:25:13', NULL, NULL, 1, NULL, NULL, NULL, NULL, 1, 11, NULL, NULL, NULL),
	(52, NULL, NULL, NULL, NULL, 'admin aktivasi', 'aktivasi@example.com', NULL, '$2y$12$I2Avb90SmFrrlXr5g3e0LuiQuKgpvtg2l9V2fBVVHV2nCZw8ToK52', 'Laki-Laki', NULL, NULL, NULL, NULL, 1, NULL, '2025-08-29 02:15:54', '2025-08-29 02:15:54', NULL, NULL, 1, NULL, NULL, NULL, NULL, 2, 6, NULL, NULL, NULL),
	(53, NULL, NULL, NULL, NULL, 'admin SM', 'senior.manager@example.com', NULL, '$2y$12$.z.3XQGcctxz2ROcPijJHOrJW/LpKZDfPMrtcDuZxrXite.8e62zC', 'Laki-Laki', NULL, NULL, NULL, NULL, 1, NULL, '2025-09-02 19:13:03', '2025-09-02 19:25:38', NULL, NULL, 1, NULL, NULL, NULL, NULL, 6, 11, NULL, NULL, NULL),
	(54, NULL, NULL, NULL, NULL, 'admin staff', 'staff.it@example.com', NULL, '$2y$12$pkKZIB.yFbg.2j94dKsf8OBaIKAnZHo7uipJXp7HC5j5tBAtnj8eC', 'Laki-Laki', NULL, NULL, NULL, NULL, 0, NULL, '2025-09-02 19:24:41', '2025-09-02 19:24:41', NULL, NULL, 1, NULL, NULL, NULL, NULL, 8, 11, NULL, NULL, NULL),
	(55, NULL, NULL, NULL, NULL, 'admin asman', 'asmanetwork@example.com', NULL, '$2y$12$CtWRKuMe/i/oiOm7QBjAAe.leMXwGrz.Z2CwKdCnytGhDHHgsg4Aq', 'Laki-Laki', NULL, NULL, NULL, NULL, 0, NULL, '2025-09-02 19:25:13', '2025-09-02 19:25:13', NULL, NULL, 1, NULL, NULL, NULL, NULL, 9, 11, NULL, NULL, NULL),
	(59, NULL, NULL, NULL, NULL, 'admin simona', 'admin.test@plnbatam.com', '2025-09-09 22:35:00', '$2y$12$BdxuPQI928f22fVvEkQsj.eEDEJdb/s2ACJFChqgTXeMbbkcYVZWq', 'Laki-Laki', NULL, NULL, NULL, 'Pegawai', 1, NULL, '2025-09-09 22:35:00', '2025-09-17 20:41:33', '2025-09-17 20:41:33', NULL, 1, NULL, NULL, NULL, NULL, 1, NULL, NULL, NULL, 'Admin test'),
	(60, NULL, NULL, NULL, NULL, 'MUHAMMAD AKMAL JOEDHIAWAN', 'm.akmaljoedhiawan@plnbatam.com', '2025-09-09 22:48:09', '$2y$12$0dVUHKAQKl28Yv8eukc93.My1CKWMtQ2fD3bxxExtp1wZaxJgzoGi', 'Laki-Laki', NULL, NULL, NULL, 'Pegawai', 1, NULL, '2025-09-09 22:48:09', '2025-09-09 22:48:09', NULL, NULL, 1, NULL, NULL, NULL, NULL, 1, NULL, NULL, NULL, 'm.akmaljoedhiawan@plnbatam.com');

-- Dumping structure for table jarti.vendors
CREATE TABLE IF NOT EXISTS `vendors` (
  `vendor_id` bigint unsigned NOT NULL AUTO_INCREMENT,
  `vendor_year` varchar(255) CHARACTER SET utf8mb4 COLLATE utf8mb4_unicode_ci NOT NULL,
  `vendor_name` varchar(255) CHARACTER SET utf8mb4 COLLATE utf8mb4_unicode_ci NOT NULL,
  `vendor_status` tinyint(1) NOT NULL DEFAULT '1',
  `created_at` timestamp NULL DEFAULT NULL,
  `updated_at` timestamp NULL DEFAULT NULL,
  `deleted_at` timestamp NULL DEFAULT NULL,
  PRIMARY KEY (`vendor_id`) USING BTREE
) ENGINE=InnoDB AUTO_INCREMENT=5 DEFAULT CHARSET=utf8mb4 COLLATE=utf8mb4_unicode_ci ROW_FORMAT=DYNAMIC;

-- Dumping data for table jarti.vendors: ~3 rows (approximately)
DELETE FROM `vendors`;
INSERT INTO `vendors` (`vendor_id`, `vendor_year`, `vendor_name`, `vendor_status`, `created_at`, `updated_at`, `deleted_at`) VALUES
	(2, '2025', 'PT H2PP', 1, '2025-08-21 00:04:39', '2025-08-29 00:57:41', NULL),
	(3, '2025', 'PT KBC', 1, '2025-08-21 00:04:45', '2025-08-29 00:58:00', NULL),
	(4, '2025', 'PT MSA', 1, '2025-08-21 00:04:55', '2025-08-29 00:58:11', NULL);

/*!40103 SET TIME_ZONE=IFNULL(@OLD_TIME_ZONE, 'system') */;
/*!40101 SET SQL_MODE=IFNULL(@OLD_SQL_MODE, '') */;
/*!40014 SET FOREIGN_KEY_CHECKS=IFNULL(@OLD_FOREIGN_KEY_CHECKS, 1) */;
/*!40101 SET CHARACTER_SET_CLIENT=@OLD_CHARACTER_SET_CLIENT */;
/*!40111 SET SQL_NOTES=IFNULL(@OLD_SQL_NOTES, 1) */;
